0,I,smilehouse.gui.html.fieldbased.editor.EditorResources
0,C,smilehouse.gui.html.fieldbased.FieldImpl
1,I,smilehouse.gui.html.fieldbased.formatter.Formatter
1,C,smilehouse.gui.html.fieldbased.formatter.DoubleFormatter
1,C,smilehouse.gui.html.fieldbased.formatter.BooleanFormatter
1,C,smilehouse.gui.html.fieldbased.formatter.PercentFormatter
1,C,smilehouse.opensyncro.servlets.SyncroEditPipe.NullHidingFormatter
1,C,smilehouse.gui.html.fieldbased.formatter.IntegerFormatter
1,C,smilehouse.gui.html.fieldbased.formatter.DateFormatter
1,C,smilehouse.opensyncro.servlets.SyncroPipeSettings.NullHidingFormatter
2,I,smilehouse.gui.html.fieldbased.model.ModelModifier
2,C,smilehouse.gui.html.fieldbased.model.PropertyBasedModelModifier
2,C,smilehouse.gui.html.fieldbased.model.DefaultModelModifier
2,C,smilehouse.opensyncro.defaultcomponents.workspace.OrderSourceGUIContextContainer.ComponentAttributeModifier
2,C,smilehouse.opensyncro.defaultcomponents.workspace.CustomerSourceGUIContextContainer.ComponentAttributeModifier
3,I,smilehouse.opensyncro.pipes.component.ConverterIF
3,C,smilehouse.opensyncro.defaultcomponents.converter.ascii.ASCIItoXMLConverter
3,C,smilehouse.opensyncro.defaultcomponents.converter.csv.CSVtoXMLConverter
3,C,smilehouse.opensyncro.defaultcomponents.converter.xml.groupexpander.XMLGroupExpander
3,C,smilehouse.opensyncro.defaultcomponents.converter.split.SplitConverter
3,C,smilehouse.opensyncro.defaultcomponents.converter.join.JoinConverter
3,C,smilehouse.opensyncro.defaultcomponents.jdbc.JDBCConverter
3,C,smilehouse.opensyncro.defaultcomponents.converter.xml.xslt.XSLTConverter
3,C,smilehouse.opensyncro.defaultcomponents.converter.xml.xslt.XSLT20Converter
3,C,smilehouse.opensyncro.defaultcomponents.filesystem.LocalFileWriteConverter
3,C,smilehouse.opensyncro.defaultcomponents.workspace.RemoteOrderConverter
3,C,smilehouse.opensyncro.defaultcomponents.http.HTTPConverter
3,C,smilehouse.opensyncro.defaultcomponents.workspace.WorkspaceHQLResultConverter
3,C,smilehouse.opensyncro.defaultcomponents.filesystem.LocalFileReadConverter
4,I,smilehouse.opensyncro.pipes.gui.GUIConfigurationIF
4,C,smilehouse.opensyncro.defaultcomponents.converter.ascii.ASCIItoXMLConverter
4,C,smilehouse.opensyncro.defaultcomponents.ftp.FTPDestination
4,C,smilehouse.opensyncro.defaultcomponents.converter.csv.CSVtoXMLConverter
4,C,smilehouse.opensyncro.defaultcomponents.workspace.RemoteOrderSource
4,C,smilehouse.opensyncro.defaultcomponents.converter.xml.groupexpander.XMLGroupExpander
4,C,smilehouse.opensyncro.defaultcomponents.jdbc.JDBCSource
4,C,smilehouse.opensyncro.defaultcomponents.converter.split.SplitConverter
4,C,smilehouse.opensyncro.defaultcomponents.converter.join.JoinConverter
4,C,smilehouse.opensyncro.defaultcomponents.filesystem.LocalFileSource
4,C,smilehouse.opensyncro.defaultcomponents.jdbc.JDBCConverter
4,C,smilehouse.opensyncro.defaultcomponents.filesystem.IteratingXMLFileSource
4,C,smilehouse.opensyncro.defaultcomponents.converter.xml.xslt.XSLTConverter
4,C,smilehouse.opensyncro.defaultcomponents.http.HTTPDestination
4,C,smilehouse.opensyncro.defaultcomponents.workspace.RemotePriceListDestination
4,C,smilehouse.opensyncro.defaultcomponents.filesystem.IteratingFileSource
4,C,smilehouse.opensyncro.defaultcomponents.filesystem.MultiFileDestination
4,C,smilehouse.opensyncro.defaultcomponents.converter.xml.xslt.XSLT20Converter
4,C,smilehouse.opensyncro.defaultcomponents.filesystem.LocalFileDestination
4,C,smilehouse.opensyncro.defaultcomponents.filesystem.DirectorySource
4,C,smilehouse.opensyncro.defaultcomponents.jdbc.JDBCDestination
4,C,smilehouse.opensyncro.defaultcomponents.filesystem.LocalFileWriteConverter
4,C,smilehouse.opensyncro.defaultcomponents.workspace.RemoteProductDestination
4,C,smilehouse.opensyncro.defaultcomponents.filesystem.TimestampFileSource
4,C,smilehouse.opensyncro.defaultcomponents.filesystem.TimestampFileDestination
4,C,smilehouse.opensyncro.defaultcomponents.workspace.WorkspaceHQLSource
4,C,smilehouse.opensyncro.defaultcomponents.workspace.RemoteCustomerDestination
4,C,smilehouse.opensyncro.defaultcomponents.ftp.FTPSource
4,C,smilehouse.opensyncro.defaultcomponents.string.StringSource
4,C,smilehouse.opensyncro.defaultcomponents.workspace.WorkspaceHQLResultConverter
4,C,smilehouse.opensyncro.defaultcomponents.http.HTTPSource
4,C,smilehouse.opensyncro.defaultcomponents.filesystem.LocalFileReadConverter
4,C,smilehouse.opensyncro.defaultcomponents.workspace.RemoteOrderDestination
4,C,smilehouse.opensyncro.defaultcomponents.workspace.RemoteCustomerSource
5,I,smilehouse.opensyncro.pipes.log.MessageLogger
5,C,smilehouse.opensyncro.pipes.log.LogEntry
6,I,smilehouse.opensyncro.pipes.metadata.ConversionInfo
6,C,smilehouse.opensyncro.pipes.metadata.TransferInfo
7,I,smilehouse.gui.html.fieldbased.editor.WebEditor
7,C,smilehouse.gui.html.fieldbased.editor.ConverterEditButtonEditor
7,C,smilehouse.gui.html.fieldbased.editor.AbstractEditor
7,C,smilehouse.gui.html.fieldbased.editor.LinkButtonEditor
7,C,smilehouse.gui.html.fieldbased.editor.UneditingEditor
7,C,smilehouse.gui.html.fieldbased.editor.LinkEditor
7,C,smilehouse.gui.html.fieldbased.ContainerEditor
8,I,smilehouse.opensyncro.pipes.component.DestinationIF
8,C,smilehouse.opensyncro.defaultcomponents.ftp.FTPDestination
8,C,smilehouse.opensyncro.defaultcomponents.http.HTTPDestination
8,C,smilehouse.opensyncro.defaultcomponents.workspace.RemotePriceListDestination
8,C,smilehouse.opensyncro.defaultcomponents.filesystem.LocalFileDestination
8,C,smilehouse.opensyncro.defaultcomponents.jdbc.JDBCDestination
8,C,smilehouse.opensyncro.defaultcomponents.workspace.RemoteProductDestination
8,C,smilehouse.opensyncro.defaultcomponents.workspace.RemoteCustomerDestination
8,C,smilehouse.opensyncro.defaultcomponents.workspace.RemoteOrderDestination
9,I,smilehouse.opensyncro.pipes.metadata.DestinationInfo
9,C,smilehouse.opensyncro.pipes.metadata.TransferInfo
10,I,smilehouse.gui.html.fieldbased.model.PropertySetter
10,C,smilehouse.gui.html.fieldbased.model.IntrospectionPropertySetter
11,I,smilehouse.gui.html.fieldbased.Field
11,C,smilehouse.gui.html.fieldbased.FieldImpl
12,I,smilehouse.openinterface.OpenInterfaceIF
12,C,smilehouse.openinterface.OpenInterfaceIF_Stub
13,I,smilehouse.opensyncro.pipes.metadata.SourceInfo
13,C,smilehouse.opensyncro.pipes.metadata.TransferInfo
14,I,smilehouse.opensyncro.pipes.component.SourceIF
14,C,smilehouse.opensyncro.defaultcomponents.workspace.OrderSource
14,C,smilehouse.opensyncro.defaultcomponents.jdbc.JDBCSource
14,C,smilehouse.opensyncro.defaultcomponents.filesystem.LocalFileSource
14,C,smilehouse.opensyncro.defaultcomponents.filesystem.IteratingXMLFileSource
14,C,smilehouse.opensyncro.defaultcomponents.filesystem.IteratingFileSource
14,C,smilehouse.opensyncro.defaultcomponents.filesystem.DirectorySource
14,C,smilehouse.opensyncro.defaultcomponents.workspace.WorkspaceHQLSource
14,C,smilehouse.opensyncro.defaultcomponents.ftp.FTPSource
14,C,smilehouse.opensyncro.defaultcomponents.string.StringSource
14,C,smilehouse.opensyncro.defaultcomponents.http.HTTPSource
14,C,smilehouse.opensyncro.defaultcomponents.workspace.CustomerSource
15,I,smilehouse.util.LabelProvider
15,C,smilehouse.util.LabelResource
15,C,smilehouse.opensyncro.system.Environment
15,C,smilehouse.util.ResourceLabelProvider
16,I,smilehouse.workspace.operator.web.OpenInterfaceAddress
16,C,smilehouse.workspace.operator.web.OpenInterfaceAddress_Impl
17,I,smilehouse.workspace.operator.web.OpenInterfaceAddressIF
17,C,smilehouse.workspace.operator.web.OpenInterfaceAddressIF_Stub
18,I,smilehouse.util.ParameterInitializer
18,C,smilehouse.opensyncro.servlets.SyncroServlet
19,I,smilehouse.gui.html.fieldbased.ContainableField
19,C,smilehouse.gui.html.fieldbased.FieldImpl
20,I,smilehouse.gui.html.fieldbased.editor.SelectOption
20,C,smilehouse.gui.html.fieldbased.editor.DefaultSelectOption
21,I,smilehouse.xml.chopper.Transition
21,C,smilehouse.xml.chopper.XMLChopper.initStateMachine.(Anon_1)
21,C,smilehouse.xml.chopper.XMLChopper.initStateMachine.(Anon_10)
21,C,smilehouse.xml.chopper.XMLChopper.initStateMachine.(Anon_11)
21,C,smilehouse.xml.chopper.XMLChopper.initStateMachine.(Anon_12)
21,C,smilehouse.xml.chopper.XMLChopper.initStateMachine.(Anon_13)
21,C,smilehouse.xml.chopper.XMLChopper.initStateMachine.(Anon_14)
21,C,smilehouse.xml.chopper.XMLChopper.initStateMachine.(Anon_2)
21,C,smilehouse.xml.chopper.XMLChopper.initStateMachine.(Anon_3)
21,C,smilehouse.xml.chopper.XMLChopper.initStateMachine.(Anon_4)
21,C,smilehouse.xml.chopper.XMLChopper.initStateMachine.(Anon_5)
21,C,smilehouse.xml.chopper.XMLChopper.initStateMachine.(Anon_6)
21,C,smilehouse.xml.chopper.XMLChopper.initStateMachine.(Anon_7)
21,C,smilehouse.xml.chopper.XMLChopper.initStateMachine.(Anon_8)
21,C,smilehouse.xml.chopper.XMLChopper.initStateMachine.(Anon_9)
22,I,smilehouse.xml.chopper.CharInput
22,C,smilehouse.xml.chopper.ChopperCharInput
23,I,smilehouse.openinterface.OpenInterface
23,C,smilehouse.openinterface.OpenInterface_Impl
24,P,smilehouse.util.LabelResource
24,C,smilehouse.opensyncro.pipes.component.CustomLabelResource
25,P,smilehouse.opensyncro.system.Environment
25,C,smilehouse.opensyncro.system.StandaloneEnvironment
26,P,smilehouse.gui.html.fieldbased.FieldInfo
26,C,smilehouse.gui.html.fieldbased.ContainerFieldInfo
27,P,smilehouse.gui.html.fieldbased.model.DefaultModelModifier
27,C,smilehouse.opensyncro.pipes.gui.ComponentAttributeModifier
28,P,smilehouse.opensyncro.pipes.gui.GUIDefinition
28,C,smilehouse.opensyncro.defaultcomponents.converter.ascii.ASCIItoXMLConverter.ASCIItoXMLGUI
28,C,smilehouse.opensyncro.defaultcomponents.ftp.FTPDestination.FTPDestinationGUI
28,C,smilehouse.opensyncro.defaultcomponents.converter.csv.CSVtoXMLConverter.CSVtoXMLGUI
28,C,smilehouse.opensyncro.defaultcomponents.converter.xml.groupexpander.XMLGroupExpander.ExpanderGUI
28,C,smilehouse.opensyncro.defaultcomponents.jdbc.JDBCSource.JDBCSourceGUI
28,C,smilehouse.opensyncro.defaultcomponents.converter.split.SplitConverter.SplitGUI
28,C,smilehouse.opensyncro.defaultcomponents.converter.join.JoinConverter.JoinGUI
28,C,smilehouse.opensyncro.defaultcomponents.filesystem.LocalFileSource.LocalFileSourceGUI
28,C,smilehouse.opensyncro.defaultcomponents.jdbc.JDBCConverter.JDBCConverterGUI
28,C,smilehouse.opensyncro.defaultcomponents.filesystem.IteratingXMLFileSource.IteratingXmlSourceGUI
28,C,smilehouse.opensyncro.defaultcomponents.http.HTTPDestination.HTTPDestinationGUI
28,C,smilehouse.opensyncro.defaultcomponents.workspace.RemotePriceListDestination.PriceListDestinationGUI
28,C,smilehouse.opensyncro.defaultcomponents.filesystem.IteratingFileSource.GUI
28,C,smilehouse.opensyncro.defaultcomponents.filesystem.MultiFileDestination.MultiFileDestinationGUI
28,C,smilehouse.opensyncro.defaultcomponents.filesystem.LocalFileDestination.LocalFileDestinationGUI
28,C,smilehouse.opensyncro.defaultcomponents.filesystem.DirectorySource.DirectorySourceGUI
28,C,smilehouse.opensyncro.defaultcomponents.jdbc.JDBCDestination.JDBCDestinationGUI
28,C,smilehouse.opensyncro.defaultcomponents.filesystem.LocalFileWriteConverter.LocalFileWriteConverterGUI
28,C,smilehouse.opensyncro.defaultcomponents.workspace.RemoteProductDestination.ProductDestinationGUI
28,C,smilehouse.opensyncro.defaultcomponents.filesystem.TimestampFileSource.TimestampFileSourceGUI
28,C,smilehouse.opensyncro.defaultcomponents.filesystem.TimestampFileDestination.TimestampFileDestinationGUI
28,C,smilehouse.opensyncro.defaultcomponents.workspace.WorkspaceHQLSource.WorkspaceHQLSourceGUI
28,C,smilehouse.opensyncro.defaultcomponents.workspace.RemoteCustomerDestination.CustomerDestinationGUI
28,C,smilehouse.opensyncro.defaultcomponents.ftp.FTPSource.FTPSourceGUI
28,C,smilehouse.opensyncro.defaultcomponents.string.StringSource.StringSourceGUI
28,C,smilehouse.opensyncro.defaultcomponents.workspace.WorkspaceHQLResultConverter.WorkspaceHQLResultGUI
28,C,smilehouse.opensyncro.defaultcomponents.http.HTTPSource.HTTPSourceGUI
28,C,smilehouse.opensyncro.defaultcomponents.filesystem.LocalFileReadConverter.LocalFileReadConverterGUI
28,C,smilehouse.opensyncro.defaultcomponents.workspace.RemoteOrderDestination.OrderDestinationGUI
29,P,smilehouse.gui.html.fieldbased.editor.AbstractEditor
29,C,smilehouse.gui.html.fieldbased.editor.BooleanEditor
29,C,smilehouse.gui.html.fieldbased.editor.ReadOnlyTextEditor
29,C,smilehouse.gui.html.fieldbased.editor.TextEditor
29,C,smilehouse.gui.html.fieldbased.editor.SelectEditor
30,P,smilehouse.gui.html.fieldbased.editor.TextEditor
30,C,smilehouse.gui.html.fieldbased.editor.TextAreaEditor
30,C,smilehouse.gui.html.fieldbased.editor.PasswordEditor
31,P,smilehouse.openinterface.OpenInterfaceException
31,C,smilehouse.openinterface.AccessDeniedException
31,C,smilehouse.openinterface.IteratorClosedException
32,P,smilehouse.gui.html.fieldbased.editor.SelectEditor
32,C,smilehouse.gui.html.fieldbased.editor.RadioGroupEditor
32,C,smilehouse.gui.html.fieldbased.editor.CheckboxGroupEditor
33,P,smilehouse.gui.html.fieldbased.formatter.IntegerFormatter
33,C,smilehouse.gui.html.fieldbased.formatter.LongFormatter
34,P,smilehouse.opensyncro.servlets.SyncroServlet
34,C,smilehouse.opensyncro.servlets.SyncroPipeList
34,C,smilehouse.opensyncro.servlets.SyncroEditPipe
34,C,smilehouse.opensyncro.servlets.SyncroPipeExecutionQueue
34,C,smilehouse.opensyncro.servlets.SyncroComponents
34,C,smilehouse.opensyncro.servlets.standalone.Users
34,C,smilehouse.opensyncro.servlets.SyncroEditComponent
34,C,smilehouse.opensyncro.servlets.SyncroTransferLog
34,C,smilehouse.opensyncro.servlets.SyncroPipeSettings
35,P,smilehouse.gui.html.fieldbased.ContainerEditor
35,C,smilehouse.gui.html.fieldbased.HighlightingContainerEditor
36,P,smilehouse.opensyncro.defaultcomponents.workspace.OrderSource
36,C,smilehouse.opensyncro.defaultcomponents.workspace.RemoteOrderSource
37,P,smilehouse.opensyncro.defaultcomponents.workspace.OrderSourceGUIContextContainer
37,C,smilehouse.opensyncro.defaultcomponents.workspace.RemoteOrderSource.RemoteOrderSourceGUIContextContainer
38,P,smilehouse.gui.html.fieldbased.FieldImpl
38,C,smilehouse.gui.html.fieldbased.ContainerFieldImpl
39,P,smilehouse.opensyncro.defaultcomponents.workspace.WorkspaceHQLSource
39,C,smilehouse.opensyncro.defaultcomponents.workspace.WorkspaceHQLOrderSource
40,P,smilehouse.opensyncro.defaultcomponents.workspace.WorkspaceHQLSource.WorkspaceHQLSourceGUI
40,C,smilehouse.opensyncro.defaultcomponents.workspace.WorkspaceHQLOrderSource.WorkspaceHQLOrderSourceGUI
41,P,smilehouse.opensyncro.defaultcomponents.filesystem.LocalFileSource
41,C,smilehouse.opensyncro.defaultcomponents.filesystem.TimestampFileSource
42,P,smilehouse.gui.html.fieldbased.editor.CheckboxGroupEditor
42,C,smilehouse.gui.html.fieldbased.editor.MultiSelectEditor
43,P,smilehouse.opensyncro.defaultcomponents.http.HTTPDestination
43,C,smilehouse.opensyncro.defaultcomponents.http.HTTPConverter
44,P,smilehouse.opensyncro.defaultcomponents.filesystem.LocalFileDestination
44,C,smilehouse.opensyncro.defaultcomponents.filesystem.MultiFileDestination
44,C,smilehouse.opensyncro.defaultcomponents.filesystem.TimestampFileDestination
45,P,smilehouse.opensyncro.defaultcomponents.filesystem.FileWriter
45,C,smilehouse.opensyncro.defaultcomponents.filesystem.LocalFileDestination
46,P,smilehouse.opensyncro.defaultcomponents.workspace.RemoteOrderDestination
46,C,smilehouse.opensyncro.defaultcomponents.workspace.RemoteOrderConverter
47,P,smilehouse.opensyncro.defaultcomponents.workspace.CustomerSource
47,C,smilehouse.opensyncro.defaultcomponents.workspace.RemoteCustomerSource
48,P,smilehouse.opensyncro.defaultcomponents.workspace.CustomerSourceGUIContextContainer
48,C,smilehouse.opensyncro.defaultcomponents.workspace.RemoteCustomerSource.RemoteCustomerSourceGUIContextContainer
