0,I,org.endeavour.mgmt.model.ITestPlanElement
0,C,org.endeavour.mgmt.model.TestPlan
0,C,org.endeavour.mgmt.model.TestRun
0,C,org.endeavour.mgmt.model.TestFolder
1,I,org.endeavour.mgmt.model.IPlanElement
1,C,org.endeavour.mgmt.model.Project
1,C,org.endeavour.mgmt.model.WorkProduct
1,C,org.endeavour.mgmt.model.Iteration
2,I,org.endeavour.mgmt.controller.ITestMaintenance
2,C,org.endeavour.mgmt.controller.TestPlanMaintenance
2,C,org.endeavour.mgmt.controller.TestCaseMaintenance
3,I,org.endeavour.mgmt.controller.ITaskMaintenance
3,C,org.endeavour.mgmt.controller.UseCaseTaskMaintenance
3,C,org.endeavour.mgmt.controller.TaskMaintenance
4,I,org.endeavour.mgmt.controller.IReportConstants
4,C,org.endeavour.mgmt.controller.ProjectMemberAssignmentsController
4,C,org.endeavour.mgmt.controller.ApplicationController
5,P,org.endeavour.mgmt.view.components.GridBoxModel
5,C,org.endeavour.mgmt.view.model.AssignedDocumentsURLModel
5,C,org.endeavour.mgmt.view.model.EventsListModel
5,C,org.endeavour.mgmt.view.model.GlossaryTermsListModel
5,C,org.endeavour.mgmt.view.model.TasksListModel
5,C,org.endeavour.mgmt.view.model.TypeListModel
5,C,org.endeavour.mgmt.view.model.IterationsListModel
5,C,org.endeavour.mgmt.view.model.DocumentsListModel
5,C,org.endeavour.mgmt.view.model.PriorityListModel
5,C,org.endeavour.mgmt.view.model.WorkProductsListModel
5,C,org.endeavour.mgmt.view.model.DependencyTypesListModel
5,C,org.endeavour.mgmt.view.model.UseCasesListModel
5,C,org.endeavour.mgmt.view.model.PercentStatusListModel
5,C,org.endeavour.mgmt.view.model.ProjectPlanModel
5,C,org.endeavour.mgmt.view.model.AssignedUseCasesListModel
5,C,org.endeavour.mgmt.view.model.ProjectMemberStatusListModel
5,C,org.endeavour.mgmt.view.model.AssignedProjectMembersListModel
5,C,org.endeavour.mgmt.view.model.SecurityGroupsListModel
5,C,org.endeavour.mgmt.view.model.AssignedChangeRequestsListModel
5,C,org.endeavour.mgmt.view.model.ProjectsListModel
5,C,org.endeavour.mgmt.view.model.DependenciesListModel
5,C,org.endeavour.mgmt.view.model.AttachmentsListModel
5,C,org.endeavour.mgmt.view.model.TestPlanModel
5,C,org.endeavour.mgmt.view.model.UseCaseListModel
5,C,org.endeavour.mgmt.view.model.UseCaseTypeListModel
5,C,org.endeavour.mgmt.view.model.TestPlansListModel
5,C,org.endeavour.mgmt.view.model.StageStatusListModel
5,C,org.endeavour.mgmt.view.model.ActorsListModel
5,C,org.endeavour.mgmt.view.model.AssignedTasksListModel
5,C,org.endeavour.mgmt.view.model.TestCaseStatusListModel
5,C,org.endeavour.mgmt.view.model.AssignedDefectsListModel
5,C,org.endeavour.mgmt.view.model.DefectsListModel
5,C,org.endeavour.mgmt.view.model.TestCasesListModel
5,C,org.endeavour.mgmt.view.model.CommentsListModel
5,C,org.endeavour.mgmt.view.model.RolesListModel
5,C,org.endeavour.mgmt.view.model.ChangeRequestListModel
5,C,org.endeavour.mgmt.view.model.StatusListModel
5,C,org.endeavour.mgmt.view.model.ChangeTypeListModel
5,C,org.endeavour.mgmt.view.model.ProjectMembersListModel
5,C,org.endeavour.mgmt.view.model.DocumentVersionsURLModel
5,C,org.endeavour.mgmt.view.model.AssignedDocumentsListModel
6,P,org.endeavour.mgmt.controller.servlet.SecureServlet
6,C,org.endeavour.mgmt.controller.servlet.StoreUser
6,C,org.endeavour.mgmt.controller.servlet.ExecuteReport
6,C,org.endeavour.mgmt.controller.servlet.DownloadDocument
6,C,org.endeavour.mgmt.controller.servlet.DownloadAttachment
7,P,org.endeavour.mgmt.model.WorkProduct
7,C,org.endeavour.mgmt.model.Defect
7,C,org.endeavour.mgmt.model.Task
7,C,org.endeavour.mgmt.model.ChangeRequest
7,C,org.endeavour.mgmt.model.UseCase
8,P,org.endeavour.mgmt.view.components.TabSheetComponent
8,C,org.endeavour.mgmt.view.AttachmentsTabSheet
8,C,org.endeavour.mgmt.view.ProjectMembersTabSheet
8,C,org.endeavour.mgmt.view.CommentsTabSheet
9,P,org.endeavour.mgmt.controller.WorkProductMaintenance
9,C,org.endeavour.mgmt.controller.UseCaseTaskMaintenance
9,C,org.endeavour.mgmt.controller.UseCaseMaintenance
9,C,org.endeavour.mgmt.controller.ChangeRequestMaintenance
9,C,org.endeavour.mgmt.controller.DefectMaintenance
9,C,org.endeavour.mgmt.controller.TaskMaintenance
10,P,org.endeavour.mgmt.view.components.PanelComponent
10,C,org.endeavour.mgmt.view.DocumentsListView
10,C,org.endeavour.mgmt.view.TasksListView
10,C,org.endeavour.mgmt.view.components.EventListComponent
10,C,org.endeavour.mgmt.view.ProjectMembersListView
10,C,org.endeavour.mgmt.view.DefectsListView
10,C,org.endeavour.mgmt.view.components.URLListComponent
10,C,org.endeavour.mgmt.view.IterationsListView
10,C,org.endeavour.mgmt.view.HomeView
10,C,org.endeavour.mgmt.view.TestCasesListView
10,C,org.endeavour.mgmt.view.UseCasePanel
10,C,org.endeavour.mgmt.view.TestPlansListView
10,C,org.endeavour.mgmt.view.GlossaryTermsListView
10,C,org.endeavour.mgmt.view.StandardReportView
10,C,org.endeavour.mgmt.view.TestPlanExecutionReportView
10,C,org.endeavour.mgmt.view.UseCasesListView
10,C,org.endeavour.mgmt.view.ProjectPlanView
10,C,org.endeavour.mgmt.view.ProjectMemberAssignmentsReportView
10,C,org.endeavour.mgmt.view.SecurityGroupsListView
10,C,org.endeavour.mgmt.view.ActorsListView
10,C,org.endeavour.mgmt.view.BasicInfoPanel
10,C,org.endeavour.mgmt.view.ChangeRequestsListView
10,C,org.endeavour.mgmt.view.DependenciesListView
10,C,org.endeavour.mgmt.view.ProjectsListView
10,C,org.endeavour.mgmt.view.SubsystemIntegrationView
11,P,org.endeavour.mgmt.controller.ApplicationController
11,C,org.endeavour.mgmt.controller.TestPlanMaintenance
11,C,org.endeavour.mgmt.controller.ActorMaintenance
11,C,org.endeavour.mgmt.controller.SecurityMaintenance
11,C,org.endeavour.mgmt.controller.EventMaintenance
11,C,org.endeavour.mgmt.controller.GlossaryTermMaintenance
11,C,org.endeavour.mgmt.controller.IterationMaintenance
11,C,org.endeavour.mgmt.controller.WorkProductMaintenance
11,C,org.endeavour.mgmt.controller.ProjectPlanMaintenance
11,C,org.endeavour.mgmt.controller.CommentMaintenance
11,C,org.endeavour.mgmt.controller.DependencyMaintenance
11,C,org.endeavour.mgmt.controller.ci.CIMaintenance
11,C,org.endeavour.mgmt.controller.TestCaseMaintenance
11,C,org.endeavour.mgmt.controller.ProjectMemberAssignmentsController
11,C,org.endeavour.mgmt.controller.DocumentMaintenance
11,C,org.endeavour.mgmt.controller.SecurityGroupMaintenance
11,C,org.endeavour.mgmt.controller.HomeController
11,C,org.endeavour.mgmt.controller.ProjectMemberMaintenance
11,C,org.endeavour.mgmt.controller.StandardReportController
11,C,org.endeavour.mgmt.controller.AttachmentMaintenance
11,C,org.endeavour.mgmt.controller.DocumentAssignmentMaintenance
12,P,org.endeavour.mgmt.view.components.DialogComponent
12,C,org.endeavour.mgmt.view.DependencyView
12,C,org.endeavour.mgmt.view.UseCaseView
12,C,org.endeavour.mgmt.view.AboutView
12,C,org.endeavour.mgmt.view.ProjectView
12,C,org.endeavour.mgmt.view.TestCaseSelectionView
12,C,org.endeavour.mgmt.view.CommentView
12,C,org.endeavour.mgmt.view.TaskView
12,C,org.endeavour.mgmt.view.ChangeRequestView
12,C,org.endeavour.mgmt.view.IterationView
12,C,org.endeavour.mgmt.view.ProjectMemberView
12,C,org.endeavour.mgmt.view.TestPlanView
12,C,org.endeavour.mgmt.view.AttachmentView
12,C,org.endeavour.mgmt.view.FolderView
12,C,org.endeavour.mgmt.view.ActorView
12,C,org.endeavour.mgmt.view.SecurityGroupView
12,C,org.endeavour.mgmt.view.TestCaseView
12,C,org.endeavour.mgmt.view.DownloadAttachmentView
12,C,org.endeavour.mgmt.view.GlossaryTermView
12,C,org.endeavour.mgmt.view.DefectView
12,C,org.endeavour.mgmt.view.DocumentAssignmentView
12,C,org.endeavour.mgmt.view.components.EventViewComponent
12,C,org.endeavour.mgmt.view.DocumentView
13,P,org.endeavour.mgmt.view.model.AssignedActorsListModel
13,C,org.endeavour.mgmt.view.model.UnassignedActorsListModel
14,P,org.endeavour.mgmt.controller.EventMaintenance
14,C,org.endeavour.mgmt.controller.ExtensionsMaintenance
15,P,org.endeavour.mgmt.view.model.ActorsListModel
15,C,org.endeavour.mgmt.view.model.AssignedActorsListModel
16,P,org.endeavour.mgmt.view.model.AssignedUseCasesListModel
16,C,org.endeavour.mgmt.view.model.UnassignedUseCasesListModel
17,P,org.endeavour.mgmt.view.model.AssignedDefectsListModel
17,C,org.endeavour.mgmt.view.model.UnassignedDefectsListModel
18,P,org.endeavour.mgmt.view.model.AssignedProjectMembersListModel
18,C,org.endeavour.mgmt.view.model.UnassignedProjectMemebersListModel
19,P,org.endeavour.mgmt.view.model.AssignedChangeRequestsListModel
19,C,org.endeavour.mgmt.view.model.UnassignedChangeRequestsListModel
20,P,org.endeavour.mgmt.controller.ci.CIMaintenance
20,C,org.endeavour.mgmt.controller.ci.ChangeProjectDescription
20,C,org.endeavour.mgmt.controller.ci.CreateProject
20,C,org.endeavour.mgmt.controller.ci.DeleteProject
20,C,org.endeavour.mgmt.controller.ci.RenameProject
20,C,org.endeavour.mgmt.controller.ProjectMaintenance
21,P,org.endeavour.mgmt.view.model.AssignedTasksListModel
21,C,org.endeavour.mgmt.view.model.UnassignedTasksListModel
22,P,org.endeavour.mgmt.view.model.AssignedDocumentsListModel
22,C,org.endeavour.mgmt.view.model.UnassignedDocumentsListModel
