From Method,To Method,uniTraceCount,uniTraceIDList,flowType
org.mybatis.jpetstore.web.actions.AccountActionBean.isAuthenticated(),org.mybatis.jpetstore.domain.Account.getUsername(),3,0 7 40,null
org.mybatis.jpetstore.web.actions.CatalogActionBean.viewProduct(),org.mybatis.jpetstore.service.CatalogService.getItemListByProduct(java.lang.String),3,1 9 18,null
org.mybatis.jpetstore.service.CatalogService.getItemListByProduct(java.lang.String),org.mybatis.jpetstore.mapper.ItemMapper.getItemListByProduct(java.lang.String),3,1 9 18,null
org.mybatis.jpetstore.mapper.ItemMapper.getItemListByProduct(java.lang.String),org.mybatis.jpetstore.domain.Item.<init>(),3,1 9 18,null
org.mybatis.jpetstore.mapper.ItemMapper.getItemListByProduct(java.lang.String),org.mybatis.jpetstore.domain.Item.setItemId(java.lang.String),3,1 9 18,null
org.mybatis.jpetstore.mapper.ItemMapper.getItemListByProduct(java.lang.String),org.mybatis.jpetstore.domain.Item.setListPrice(java.math.BigDecimal),3,1 9 18,null
org.mybatis.jpetstore.mapper.ItemMapper.getItemListByProduct(java.lang.String),org.mybatis.jpetstore.domain.Item.setUnitCost(java.math.BigDecimal),3,1 9 18,null
org.mybatis.jpetstore.mapper.ItemMapper.getItemListByProduct(java.lang.String),org.mybatis.jpetstore.domain.Item.setSupplierId(int),3,1 9 18,null
org.mybatis.jpetstore.mapper.ItemMapper.getItemListByProduct(java.lang.String),org.mybatis.jpetstore.domain.Item.getProduct(),3,1 9 18,null
org.mybatis.jpetstore.mapper.ItemMapper.getItemListByProduct(java.lang.String),org.mybatis.jpetstore.domain.Product.<init>(),3,1 9 18,null
org.mybatis.jpetstore.mapper.ItemMapper.getItemListByProduct(java.lang.String),org.mybatis.jpetstore.domain.Item.setProduct(org.mybatis.jpetstore.domain.Product),3,1 9 18,null
org.mybatis.jpetstore.mapper.ItemMapper.getItemListByProduct(java.lang.String),org.mybatis.jpetstore.domain.Product.setProductId(java.lang.String),3,1 9 18,null
org.mybatis.jpetstore.mapper.ItemMapper.getItemListByProduct(java.lang.String),org.mybatis.jpetstore.domain.Product.setName(java.lang.String),3,1 9 18,null
org.mybatis.jpetstore.mapper.ItemMapper.getItemListByProduct(java.lang.String),org.mybatis.jpetstore.domain.Product.setDescription(java.lang.String),3,1 9 18,null
org.mybatis.jpetstore.mapper.ItemMapper.getItemListByProduct(java.lang.String),org.mybatis.jpetstore.domain.Product.setCategoryId(java.lang.String),3,1 9 18,null
org.mybatis.jpetstore.mapper.ItemMapper.getItemListByProduct(java.lang.String),org.mybatis.jpetstore.domain.Item.setStatus(java.lang.String),3,1 9 18,null
org.mybatis.jpetstore.mapper.ItemMapper.getItemListByProduct(java.lang.String),org.mybatis.jpetstore.domain.Item.setAttribute1(java.lang.String),3,1 9 18,null
org.mybatis.jpetstore.mapper.ItemMapper.getItemListByProduct(java.lang.String),org.mybatis.jpetstore.domain.Item.setAttribute2(java.lang.String),3,1 9 18,null
org.mybatis.jpetstore.mapper.ItemMapper.getItemListByProduct(java.lang.String),org.mybatis.jpetstore.domain.Item.setAttribute3(java.lang.String),3,1 9 18,null
org.mybatis.jpetstore.mapper.ItemMapper.getItemListByProduct(java.lang.String),org.mybatis.jpetstore.domain.Item.setAttribute4(java.lang.String),3,1 9 18,null
org.mybatis.jpetstore.mapper.ItemMapper.getItemListByProduct(java.lang.String),org.mybatis.jpetstore.domain.Item.setAttribute5(java.lang.String),3,1 9 18,null
org.mybatis.jpetstore.web.actions.CatalogActionBean.viewProduct(),org.mybatis.jpetstore.service.CatalogService.getProduct(java.lang.String),3,1 9 18,null
org.mybatis.jpetstore.service.CatalogService.getProduct(java.lang.String),org.mybatis.jpetstore.mapper.ProductMapper.getProduct(java.lang.String),3,1 9 18,null
org.mybatis.jpetstore.mapper.ProductMapper.getProduct(java.lang.String),org.mybatis.jpetstore.domain.Product.<init>(),3,1 9 18,null
org.mybatis.jpetstore.mapper.ProductMapper.getProduct(java.lang.String),org.mybatis.jpetstore.domain.Product.setProductId(java.lang.String),3,1 9 18,null
org.mybatis.jpetstore.mapper.ProductMapper.getProduct(java.lang.String),org.mybatis.jpetstore.domain.Product.setName(java.lang.String),3,1 9 18,null
org.mybatis.jpetstore.mapper.ProductMapper.getProduct(java.lang.String),org.mybatis.jpetstore.domain.Product.setDescription(java.lang.String),3,1 9 18,null
org.mybatis.jpetstore.mapper.ProductMapper.getProduct(java.lang.String),org.mybatis.jpetstore.domain.Product.setCategoryId(java.lang.String),3,1 9 18,null
org.mybatis.jpetstore.web.actions.CatalogActionBean.viewCategory(),org.mybatis.jpetstore.service.CatalogService.getProductListByCategory(java.lang.String),3,2 36 43,null
org.mybatis.jpetstore.service.CatalogService.getProductListByCategory(java.lang.String),org.mybatis.jpetstore.mapper.ProductMapper.getProductListByCategory(java.lang.String),6,2 8 10 14 36 43,null
org.mybatis.jpetstore.mapper.ProductMapper.getProductListByCategory(java.lang.String),org.mybatis.jpetstore.domain.Product.<init>(),6,2 8 10 14 36 43,null
org.mybatis.jpetstore.mapper.ProductMapper.getProductListByCategory(java.lang.String),org.mybatis.jpetstore.domain.Product.setProductId(java.lang.String),6,2 8 10 14 36 43,null
org.mybatis.jpetstore.mapper.ProductMapper.getProductListByCategory(java.lang.String),org.mybatis.jpetstore.domain.Product.setName(java.lang.String),6,2 8 10 14 36 43,null
org.mybatis.jpetstore.mapper.ProductMapper.getProductListByCategory(java.lang.String),org.mybatis.jpetstore.domain.Product.setDescription(java.lang.String),6,2 8 10 14 36 43,null
org.mybatis.jpetstore.mapper.ProductMapper.getProductListByCategory(java.lang.String),org.mybatis.jpetstore.domain.Product.setCategoryId(java.lang.String),6,2 8 10 14 36 43,null
org.mybatis.jpetstore.web.actions.CatalogActionBean.viewCategory(),org.mybatis.jpetstore.service.CatalogService.getCategory(java.lang.String),3,2 36 43,null
org.mybatis.jpetstore.service.CatalogService.getCategory(java.lang.String),org.mybatis.jpetstore.mapper.CategoryMapper.getCategory(java.lang.String),3,2 36 43,null
org.mybatis.jpetstore.mapper.CategoryMapper.getCategory(java.lang.String),org.mybatis.jpetstore.domain.Category.<init>(),3,2 36 43,null
org.mybatis.jpetstore.mapper.CategoryMapper.getCategory(java.lang.String),org.mybatis.jpetstore.domain.Category.setCategoryId(java.lang.String),3,2 36 43,null
org.mybatis.jpetstore.mapper.CategoryMapper.getCategory(java.lang.String),org.mybatis.jpetstore.domain.Category.setName(java.lang.String),3,2 36 43,null
org.mybatis.jpetstore.mapper.CategoryMapper.getCategory(java.lang.String),org.mybatis.jpetstore.domain.Category.setDescription(java.lang.String),3,2 36 43,null
org.mybatis.jpetstore.web.actions.OrderActionBean.listOrders(),org.mybatis.jpetstore.web.actions.AccountActionBean.getAccount(),3,3 6 31,null
org.mybatis.jpetstore.web.actions.OrderActionBean.listOrders(),org.mybatis.jpetstore.domain.Account.getUsername(),3,3 6 31,null
org.mybatis.jpetstore.web.actions.OrderActionBean.listOrders(),org.mybatis.jpetstore.service.OrderService.getOrdersByUsername(java.lang.String),3,3 6 31,null
org.mybatis.jpetstore.service.OrderService.getOrdersByUsername(java.lang.String),org.mybatis.jpetstore.mapper.OrderMapper.getOrdersByUsername(java.lang.String),3,3 6 31,null
org.mybatis.jpetstore.mapper.OrderMapper.getOrdersByUsername(java.lang.String),org.mybatis.jpetstore.domain.Order.<init>(),2,3 6,null
org.mybatis.jpetstore.mapper.OrderMapper.getOrdersByUsername(java.lang.String),org.mybatis.jpetstore.domain.Order.setBillAddress1(java.lang.String),2,3 6,null
org.mybatis.jpetstore.mapper.OrderMapper.getOrdersByUsername(java.lang.String),org.mybatis.jpetstore.domain.Order.setBillAddress2(java.lang.String),2,3 6,null
org.mybatis.jpetstore.mapper.OrderMapper.getOrdersByUsername(java.lang.String),org.mybatis.jpetstore.domain.Order.setBillCity(java.lang.String),2,3 6,null
org.mybatis.jpetstore.mapper.OrderMapper.getOrdersByUsername(java.lang.String),org.mybatis.jpetstore.domain.Order.setBillCountry(java.lang.String),2,3 6,null
org.mybatis.jpetstore.mapper.OrderMapper.getOrdersByUsername(java.lang.String),org.mybatis.jpetstore.domain.Order.setBillState(java.lang.String),2,3 6,null
org.mybatis.jpetstore.mapper.OrderMapper.getOrdersByUsername(java.lang.String),org.mybatis.jpetstore.domain.Order.setBillToFirstName(java.lang.String),2,3 6,null
org.mybatis.jpetstore.mapper.OrderMapper.getOrdersByUsername(java.lang.String),org.mybatis.jpetstore.domain.Order.setBillToLastName(java.lang.String),2,3 6,null
org.mybatis.jpetstore.mapper.OrderMapper.getOrdersByUsername(java.lang.String),org.mybatis.jpetstore.domain.Order.setBillZip(java.lang.String),2,3 6,null
org.mybatis.jpetstore.mapper.OrderMapper.getOrdersByUsername(java.lang.String),org.mybatis.jpetstore.domain.Order.setShipAddress1(java.lang.String),2,3 6,null
org.mybatis.jpetstore.mapper.OrderMapper.getOrdersByUsername(java.lang.String),org.mybatis.jpetstore.domain.Order.setShipAddress2(java.lang.String),2,3 6,null
org.mybatis.jpetstore.mapper.OrderMapper.getOrdersByUsername(java.lang.String),org.mybatis.jpetstore.domain.Order.setShipCity(java.lang.String),2,3 6,null
org.mybatis.jpetstore.mapper.OrderMapper.getOrdersByUsername(java.lang.String),org.mybatis.jpetstore.domain.Order.setShipCountry(java.lang.String),2,3 6,null
org.mybatis.jpetstore.mapper.OrderMapper.getOrdersByUsername(java.lang.String),org.mybatis.jpetstore.domain.Order.setShipState(java.lang.String),2,3 6,null
org.mybatis.jpetstore.mapper.OrderMapper.getOrdersByUsername(java.lang.String),org.mybatis.jpetstore.domain.Order.setShipToFirstName(java.lang.String),2,3 6,null
org.mybatis.jpetstore.mapper.OrderMapper.getOrdersByUsername(java.lang.String),org.mybatis.jpetstore.domain.Order.setShipToLastName(java.lang.String),2,3 6,null
org.mybatis.jpetstore.mapper.OrderMapper.getOrdersByUsername(java.lang.String),org.mybatis.jpetstore.domain.Order.setShipZip(java.lang.String),2,3 6,null
org.mybatis.jpetstore.mapper.OrderMapper.getOrdersByUsername(java.lang.String),org.mybatis.jpetstore.domain.Order.setCardType(java.lang.String),2,3 6,null
org.mybatis.jpetstore.mapper.OrderMapper.getOrdersByUsername(java.lang.String),org.mybatis.jpetstore.domain.Order.setCourier(java.lang.String),2,3 6,null
org.mybatis.jpetstore.mapper.OrderMapper.getOrdersByUsername(java.lang.String),org.mybatis.jpetstore.domain.Order.setCreditCard(java.lang.String),2,3 6,null
org.mybatis.jpetstore.mapper.OrderMapper.getOrdersByUsername(java.lang.String),org.mybatis.jpetstore.domain.Order.setExpiryDate(java.lang.String),2,3 6,null
org.mybatis.jpetstore.mapper.OrderMapper.getOrdersByUsername(java.lang.String),org.mybatis.jpetstore.domain.Order.setLocale(java.lang.String),2,3 6,null
org.mybatis.jpetstore.mapper.OrderMapper.getOrdersByUsername(java.lang.String),org.mybatis.jpetstore.domain.Order.setOrderDate(java.util.Date),2,3 6,null
org.mybatis.jpetstore.mapper.OrderMapper.getOrdersByUsername(java.lang.String),org.mybatis.jpetstore.domain.Order.setOrderId(int),2,3 6,null
org.mybatis.jpetstore.mapper.OrderMapper.getOrdersByUsername(java.lang.String),org.mybatis.jpetstore.domain.Order.setTotalPrice(java.math.BigDecimal),2,3 6,null
org.mybatis.jpetstore.mapper.OrderMapper.getOrdersByUsername(java.lang.String),org.mybatis.jpetstore.domain.Order.setUsername(java.lang.String),2,3 6,null
org.mybatis.jpetstore.mapper.OrderMapper.getOrdersByUsername(java.lang.String),org.mybatis.jpetstore.domain.Order.setStatus(java.lang.String),2,3 6,null
org.mybatis.jpetstore.web.actions.CartActionBean.addItemToCart(),org.mybatis.jpetstore.domain.Cart.containsItemId(java.lang.String),2,4 16,null
org.mybatis.jpetstore.web.actions.CartActionBean.addItemToCart(),org.mybatis.jpetstore.domain.Cart.incrementQuantityByItemId(java.lang.String),1,4,null
org.mybatis.jpetstore.domain.Cart.incrementQuantityByItemId(java.lang.String),org.mybatis.jpetstore.domain.CartItem.incrementQuantity(),1,4,null
org.mybatis.jpetstore.domain.CartItem.incrementQuantity(),org.mybatis.jpetstore.domain.CartItem.calculateTotal(),2,4 16,null
org.mybatis.jpetstore.domain.CartItem.calculateTotal(),org.mybatis.jpetstore.domain.Item.getListPrice(),3,4 16 42,null
org.mybatis.jpetstore.web.actions.CartActionBean.removeItemFromCart(),org.mybatis.jpetstore.domain.Cart.removeItemById(java.lang.String),1,5,null
org.mybatis.jpetstore.domain.Cart.removeItemById(java.lang.String),org.mybatis.jpetstore.domain.CartItem.getItem(),1,5,null
org.mybatis.jpetstore.web.actions.OrderActionBean.newOrderForm(),org.mybatis.jpetstore.web.actions.OrderActionBean.clear(),3,7 37 40,null
org.mybatis.jpetstore.web.actions.OrderActionBean.clear(),org.mybatis.jpetstore.domain.Order.<init>(),3,7 37 40,null
org.mybatis.jpetstore.web.actions.OrderActionBean.newOrderForm(),org.mybatis.jpetstore.web.actions.AccountActionBean.isAuthenticated(),2,7 40,null
org.mybatis.jpetstore.web.actions.OrderActionBean.newOrderForm(),org.mybatis.jpetstore.web.actions.AccountActionBean.getAccount(),2,7 40,null
org.mybatis.jpetstore.web.actions.OrderActionBean.newOrderForm(),org.mybatis.jpetstore.web.actions.CartActionBean.getCart(),2,7 40,null
org.mybatis.jpetstore.web.actions.OrderActionBean.newOrderForm(),"org.mybatis.jpetstore.domain.Order.initOrder(org.mybatis.jpetstore.domain.Account,org.mybatis.jpetstore.domain.Cart)",2,7 40,null
"org.mybatis.jpetstore.domain.Order.initOrder(org.mybatis.jpetstore.domain.Account,org.mybatis.jpetstore.domain.Cart)",org.mybatis.jpetstore.domain.Account.getUsername(),2,7 40,null
"org.mybatis.jpetstore.domain.Order.initOrder(org.mybatis.jpetstore.domain.Account,org.mybatis.jpetstore.domain.Cart)",org.mybatis.jpetstore.domain.Account.getFirstName(),2,7 40,null
"org.mybatis.jpetstore.domain.Order.initOrder(org.mybatis.jpetstore.domain.Account,org.mybatis.jpetstore.domain.Cart)",org.mybatis.jpetstore.domain.Account.getLastName(),2,7 40,null
"org.mybatis.jpetstore.domain.Order.initOrder(org.mybatis.jpetstore.domain.Account,org.mybatis.jpetstore.domain.Cart)",org.mybatis.jpetstore.domain.Account.getAddress1(),2,7 40,null
"org.mybatis.jpetstore.domain.Order.initOrder(org.mybatis.jpetstore.domain.Account,org.mybatis.jpetstore.domain.Cart)",org.mybatis.jpetstore.domain.Account.getAddress2(),2,7 40,null
"org.mybatis.jpetstore.domain.Order.initOrder(org.mybatis.jpetstore.domain.Account,org.mybatis.jpetstore.domain.Cart)",org.mybatis.jpetstore.domain.Account.getCity(),2,7 40,null
"org.mybatis.jpetstore.domain.Order.initOrder(org.mybatis.jpetstore.domain.Account,org.mybatis.jpetstore.domain.Cart)",org.mybatis.jpetstore.domain.Account.getState(),2,7 40,null
"org.mybatis.jpetstore.domain.Order.initOrder(org.mybatis.jpetstore.domain.Account,org.mybatis.jpetstore.domain.Cart)",org.mybatis.jpetstore.domain.Account.getZip(),2,7 40,null
"org.mybatis.jpetstore.domain.Order.initOrder(org.mybatis.jpetstore.domain.Account,org.mybatis.jpetstore.domain.Cart)",org.mybatis.jpetstore.domain.Account.getCountry(),2,7 40,null
"org.mybatis.jpetstore.domain.Order.initOrder(org.mybatis.jpetstore.domain.Account,org.mybatis.jpetstore.domain.Cart)",org.mybatis.jpetstore.domain.Cart.getSubTotal(),2,7 40,null
org.mybatis.jpetstore.domain.Cart.getSubTotal(),org.mybatis.jpetstore.domain.Cart.getAllCartItems(),5,7 15 23 27 40,null
org.mybatis.jpetstore.domain.Cart.getSubTotal(),org.mybatis.jpetstore.domain.CartItem.getItem(),4,7 15 23 40,null
org.mybatis.jpetstore.domain.Cart.getSubTotal(),org.mybatis.jpetstore.domain.Item.getListPrice(),4,7 15 23 40,null
org.mybatis.jpetstore.domain.Cart.getSubTotal(),org.mybatis.jpetstore.domain.CartItem.getQuantity(),4,7 15 23 40,null
"org.mybatis.jpetstore.domain.Order.initOrder(org.mybatis.jpetstore.domain.Account,org.mybatis.jpetstore.domain.Cart)",org.mybatis.jpetstore.domain.Cart.getAllCartItems(),2,7 40,null
"org.mybatis.jpetstore.domain.Order.initOrder(org.mybatis.jpetstore.domain.Account,org.mybatis.jpetstore.domain.Cart)",org.mybatis.jpetstore.domain.Order.addLineItem(org.mybatis.jpetstore.domain.CartItem),2,7 40,null
org.mybatis.jpetstore.domain.Order.addLineItem(org.mybatis.jpetstore.domain.CartItem),"org.mybatis.jpetstore.domain.LineItem.<init>(int,org.mybatis.jpetstore.domain.CartItem)",2,7 40,null
"org.mybatis.jpetstore.domain.LineItem.<init>(int,org.mybatis.jpetstore.domain.CartItem)",org.mybatis.jpetstore.domain.CartItem.getQuantity(),2,7 40,null
"org.mybatis.jpetstore.domain.LineItem.<init>(int,org.mybatis.jpetstore.domain.CartItem)",org.mybatis.jpetstore.domain.CartItem.getItem(),2,7 40,null
"org.mybatis.jpetstore.domain.LineItem.<init>(int,org.mybatis.jpetstore.domain.CartItem)",org.mybatis.jpetstore.domain.Item.getItemId(),2,7 40,null
"org.mybatis.jpetstore.domain.LineItem.<init>(int,org.mybatis.jpetstore.domain.CartItem)",org.mybatis.jpetstore.domain.Item.getListPrice(),2,7 40,null
org.mybatis.jpetstore.domain.Order.addLineItem(org.mybatis.jpetstore.domain.CartItem),org.mybatis.jpetstore.domain.Order.addLineItem(org.mybatis.jpetstore.domain.LineItem),2,7 40,null
org.mybatis.jpetstore.web.actions.AccountActionBean.editAccount(),org.mybatis.jpetstore.service.AccountService.updateAccount(org.mybatis.jpetstore.domain.Account),2,8 14,null
org.mybatis.jpetstore.service.AccountService.updateAccount(org.mybatis.jpetstore.domain.Account),org.mybatis.jpetstore.mapper.AccountMapper.updateAccount(org.mybatis.jpetstore.domain.Account),2,8 14,null
org.mybatis.jpetstore.mapper.AccountMapper.updateAccount(org.mybatis.jpetstore.domain.Account),org.mybatis.jpetstore.domain.Account.getEmail(),2,8 14,null
org.mybatis.jpetstore.mapper.AccountMapper.updateAccount(org.mybatis.jpetstore.domain.Account),org.mybatis.jpetstore.domain.Account.getFirstName(),2,8 14,null
org.mybatis.jpetstore.mapper.AccountMapper.updateAccount(org.mybatis.jpetstore.domain.Account),org.mybatis.jpetstore.domain.Account.getLastName(),2,8 14,null
org.mybatis.jpetstore.mapper.AccountMapper.updateAccount(org.mybatis.jpetstore.domain.Account),org.mybatis.jpetstore.domain.Account.getStatus(),2,8 14,null
org.mybatis.jpetstore.mapper.AccountMapper.updateAccount(org.mybatis.jpetstore.domain.Account),org.mybatis.jpetstore.domain.Account.getAddress1(),2,8 14,null
org.mybatis.jpetstore.mapper.AccountMapper.updateAccount(org.mybatis.jpetstore.domain.Account),org.mybatis.jpetstore.domain.Account.getAddress2(),2,8 14,null
org.mybatis.jpetstore.mapper.AccountMapper.updateAccount(org.mybatis.jpetstore.domain.Account),org.mybatis.jpetstore.domain.Account.getCity(),2,8 14,null
org.mybatis.jpetstore.mapper.AccountMapper.updateAccount(org.mybatis.jpetstore.domain.Account),org.mybatis.jpetstore.domain.Account.getState(),2,8 14,null
org.mybatis.jpetstore.mapper.AccountMapper.updateAccount(org.mybatis.jpetstore.domain.Account),org.mybatis.jpetstore.domain.Account.getZip(),2,8 14,null
org.mybatis.jpetstore.mapper.AccountMapper.updateAccount(org.mybatis.jpetstore.domain.Account),org.mybatis.jpetstore.domain.Account.getCountry(),2,8 14,null
org.mybatis.jpetstore.mapper.AccountMapper.updateAccount(org.mybatis.jpetstore.domain.Account),org.mybatis.jpetstore.domain.Account.getPhone(),2,8 14,null
org.mybatis.jpetstore.mapper.AccountMapper.updateAccount(org.mybatis.jpetstore.domain.Account),org.mybatis.jpetstore.domain.Account.getUsername(),2,8 14,null
org.mybatis.jpetstore.mapper.AccountMapper.updateAccount(org.mybatis.jpetstore.domain.Account),org.mybatis.jpetstore.domain.Account.getLanguagePreference(),2,8 14,null
org.mybatis.jpetstore.mapper.AccountMapper.updateAccount(org.mybatis.jpetstore.domain.Account),org.mybatis.jpetstore.domain.Account.getFavouriteCategoryId(),2,8 14,null
org.mybatis.jpetstore.mapper.AccountMapper.updateAccount(org.mybatis.jpetstore.domain.Account),org.mybatis.jpetstore.domain.Account.isListOption(),2,8 14,null
org.mybatis.jpetstore.mapper.AccountMapper.updateAccount(org.mybatis.jpetstore.domain.Account),org.mybatis.jpetstore.domain.Account.isBannerOption(),2,8 14,null
org.mybatis.jpetstore.mapper.AccountMapper.updateAccount(org.mybatis.jpetstore.domain.Account),org.mybatis.jpetstore.domain.Account.getPassword(),2,8 14,null
org.mybatis.jpetstore.web.actions.AccountActionBean.editAccount(),org.mybatis.jpetstore.domain.Account.getUsername(),2,8 14,null
org.mybatis.jpetstore.web.actions.AccountActionBean.editAccount(),org.mybatis.jpetstore.service.AccountService.getAccount(java.lang.String),2,8 14,null
org.mybatis.jpetstore.service.AccountService.getAccount(java.lang.String),org.mybatis.jpetstore.mapper.AccountMapper.getAccount(java.lang.String),3,8 11 14,null
org.mybatis.jpetstore.mapper.AccountMapper.getAccount(java.lang.String),org.mybatis.jpetstore.domain.Account.<init>(),3,8 11 14,null
org.mybatis.jpetstore.mapper.AccountMapper.getAccount(java.lang.String),org.mybatis.jpetstore.domain.Account.setUsername(java.lang.String),3,8 11 14,null
org.mybatis.jpetstore.mapper.AccountMapper.getAccount(java.lang.String),org.mybatis.jpetstore.domain.Account.setEmail(java.lang.String),3,8 11 14,null
org.mybatis.jpetstore.mapper.AccountMapper.getAccount(java.lang.String),org.mybatis.jpetstore.domain.Account.setFirstName(java.lang.String),3,8 11 14,null
org.mybatis.jpetstore.mapper.AccountMapper.getAccount(java.lang.String),org.mybatis.jpetstore.domain.Account.setLastName(java.lang.String),3,8 11 14,null
org.mybatis.jpetstore.mapper.AccountMapper.getAccount(java.lang.String),org.mybatis.jpetstore.domain.Account.setStatus(java.lang.String),3,8 11 14,null
org.mybatis.jpetstore.mapper.AccountMapper.getAccount(java.lang.String),org.mybatis.jpetstore.domain.Account.setAddress1(java.lang.String),3,8 11 14,null
org.mybatis.jpetstore.mapper.AccountMapper.getAccount(java.lang.String),org.mybatis.jpetstore.domain.Account.setAddress2(java.lang.String),3,8 11 14,null
org.mybatis.jpetstore.mapper.AccountMapper.getAccount(java.lang.String),org.mybatis.jpetstore.domain.Account.setCity(java.lang.String),3,8 11 14,null
org.mybatis.jpetstore.mapper.AccountMapper.getAccount(java.lang.String),org.mybatis.jpetstore.domain.Account.setState(java.lang.String),3,8 11 14,null
org.mybatis.jpetstore.mapper.AccountMapper.getAccount(java.lang.String),org.mybatis.jpetstore.domain.Account.setZip(java.lang.String),3,8 11 14,null
org.mybatis.jpetstore.mapper.AccountMapper.getAccount(java.lang.String),org.mybatis.jpetstore.domain.Account.setCountry(java.lang.String),3,8 11 14,null
org.mybatis.jpetstore.mapper.AccountMapper.getAccount(java.lang.String),org.mybatis.jpetstore.domain.Account.setPhone(java.lang.String),3,8 11 14,null
org.mybatis.jpetstore.mapper.AccountMapper.getAccount(java.lang.String),org.mybatis.jpetstore.domain.Account.setLanguagePreference(java.lang.String),3,8 11 14,null
org.mybatis.jpetstore.mapper.AccountMapper.getAccount(java.lang.String),org.mybatis.jpetstore.domain.Account.setFavouriteCategoryId(java.lang.String),3,8 11 14,null
org.mybatis.jpetstore.mapper.AccountMapper.getAccount(java.lang.String),org.mybatis.jpetstore.domain.Account.setListOption(boolean),3,8 11 14,null
org.mybatis.jpetstore.mapper.AccountMapper.getAccount(java.lang.String),org.mybatis.jpetstore.domain.Account.setBannerOption(boolean),3,8 11 14,null
org.mybatis.jpetstore.mapper.AccountMapper.getAccount(java.lang.String),org.mybatis.jpetstore.domain.Account.setBannerName(java.lang.String),3,8 11 14,null
org.mybatis.jpetstore.web.actions.AccountActionBean.editAccount(),org.mybatis.jpetstore.domain.Account.getFavouriteCategoryId(),2,8 14,null
org.mybatis.jpetstore.web.actions.AccountActionBean.editAccount(),org.mybatis.jpetstore.service.CatalogService.getProductListByCategory(java.lang.String),2,8 14,null
org.mybatis.jpetstore.web.actions.AccountActionBean.signon(),org.mybatis.jpetstore.domain.Account.getUsername(),1,10,null
org.mybatis.jpetstore.web.actions.AccountActionBean.signon(),org.mybatis.jpetstore.domain.Account.getPassword(),1,10,null
org.mybatis.jpetstore.web.actions.AccountActionBean.signon(),"org.mybatis.jpetstore.service.AccountService.getAccount(java.lang.String,java.lang.String)",1,10,null
"org.mybatis.jpetstore.service.AccountService.getAccount(java.lang.String,java.lang.String)","org.mybatis.jpetstore.mapper.AccountMapper.getAccount(java.lang.String,java.lang.String)",1,10,null
"org.mybatis.jpetstore.mapper.AccountMapper.getAccount(java.lang.String,java.lang.String)",org.mybatis.jpetstore.domain.Account.<init>(),1,10,null
"org.mybatis.jpetstore.mapper.AccountMapper.getAccount(java.lang.String,java.lang.String)",org.mybatis.jpetstore.domain.Account.setUsername(java.lang.String),1,10,null
"org.mybatis.jpetstore.mapper.AccountMapper.getAccount(java.lang.String,java.lang.String)",org.mybatis.jpetstore.domain.Account.setPassword(java.lang.String),1,10,null
"org.mybatis.jpetstore.mapper.AccountMapper.getAccount(java.lang.String,java.lang.String)",org.mybatis.jpetstore.domain.Account.getUsername(),1,10,null
"org.mybatis.jpetstore.mapper.AccountMapper.getAccount(java.lang.String,java.lang.String)",org.mybatis.jpetstore.domain.Account.getPassword(),1,10,null
"org.mybatis.jpetstore.mapper.AccountMapper.getAccount(java.lang.String,java.lang.String)",org.mybatis.jpetstore.domain.Account.setEmail(java.lang.String),1,10,null
"org.mybatis.jpetstore.mapper.AccountMapper.getAccount(java.lang.String,java.lang.String)",org.mybatis.jpetstore.domain.Account.setFirstName(java.lang.String),1,10,null
"org.mybatis.jpetstore.mapper.AccountMapper.getAccount(java.lang.String,java.lang.String)",org.mybatis.jpetstore.domain.Account.setLastName(java.lang.String),1,10,null
"org.mybatis.jpetstore.mapper.AccountMapper.getAccount(java.lang.String,java.lang.String)",org.mybatis.jpetstore.domain.Account.setStatus(java.lang.String),1,10,null
"org.mybatis.jpetstore.mapper.AccountMapper.getAccount(java.lang.String,java.lang.String)",org.mybatis.jpetstore.domain.Account.setAddress1(java.lang.String),1,10,null
"org.mybatis.jpetstore.mapper.AccountMapper.getAccount(java.lang.String,java.lang.String)",org.mybatis.jpetstore.domain.Account.setAddress2(java.lang.String),1,10,null
"org.mybatis.jpetstore.mapper.AccountMapper.getAccount(java.lang.String,java.lang.String)",org.mybatis.jpetstore.domain.Account.setCity(java.lang.String),1,10,null
"org.mybatis.jpetstore.mapper.AccountMapper.getAccount(java.lang.String,java.lang.String)",org.mybatis.jpetstore.domain.Account.setState(java.lang.String),1,10,null
"org.mybatis.jpetstore.mapper.AccountMapper.getAccount(java.lang.String,java.lang.String)",org.mybatis.jpetstore.domain.Account.setZip(java.lang.String),1,10,null
"org.mybatis.jpetstore.mapper.AccountMapper.getAccount(java.lang.String,java.lang.String)",org.mybatis.jpetstore.domain.Account.setCountry(java.lang.String),1,10,null
"org.mybatis.jpetstore.mapper.AccountMapper.getAccount(java.lang.String,java.lang.String)",org.mybatis.jpetstore.domain.Account.setPhone(java.lang.String),1,10,null
"org.mybatis.jpetstore.mapper.AccountMapper.getAccount(java.lang.String,java.lang.String)",org.mybatis.jpetstore.domain.Account.setLanguagePreference(java.lang.String),1,10,null
"org.mybatis.jpetstore.mapper.AccountMapper.getAccount(java.lang.String,java.lang.String)",org.mybatis.jpetstore.domain.Account.setFavouriteCategoryId(java.lang.String),1,10,null
"org.mybatis.jpetstore.mapper.AccountMapper.getAccount(java.lang.String,java.lang.String)",org.mybatis.jpetstore.domain.Account.setListOption(boolean),1,10,null
"org.mybatis.jpetstore.mapper.AccountMapper.getAccount(java.lang.String,java.lang.String)",org.mybatis.jpetstore.domain.Account.setBannerOption(boolean),1,10,null
"org.mybatis.jpetstore.mapper.AccountMapper.getAccount(java.lang.String,java.lang.String)",org.mybatis.jpetstore.domain.Account.setBannerName(java.lang.String),1,10,null
org.mybatis.jpetstore.web.actions.AccountActionBean.signon(),org.mybatis.jpetstore.domain.Account.setPassword(java.lang.String),1,10,null
org.mybatis.jpetstore.web.actions.AccountActionBean.signon(),org.mybatis.jpetstore.domain.Account.getFavouriteCategoryId(),1,10,null
org.mybatis.jpetstore.web.actions.AccountActionBean.signon(),org.mybatis.jpetstore.service.CatalogService.getProductListByCategory(java.lang.String),1,10,null
org.mybatis.jpetstore.web.actions.AccountActionBean.editAccountForm(),org.mybatis.jpetstore.domain.Account.getUsername(),1,11,null
org.mybatis.jpetstore.web.actions.AccountActionBean.editAccountForm(),org.mybatis.jpetstore.service.AccountService.getAccount(java.lang.String),1,11,null
org.mybatis.jpetstore.web.actions.AccountActionBean.reset(),org.mybatis.jpetstore.domain.Account.setBannerOption(boolean),1,12,null
org.mybatis.jpetstore.web.actions.AccountActionBean.reset(),org.mybatis.jpetstore.domain.Account.setListOption(boolean),1,12,null
org.mybatis.jpetstore.web.actions.OrderActionBean.newOrder(),org.mybatis.jpetstore.web.actions.OrderActionBean.isConfirmed(),3,13 28 44,null
org.mybatis.jpetstore.web.actions.CartActionBean.addItemToCart(),org.mybatis.jpetstore.service.CatalogService.isItemInStock(java.lang.String),1,16,null
org.mybatis.jpetstore.service.CatalogService.isItemInStock(java.lang.String),org.mybatis.jpetstore.mapper.ItemMapper.isItemInStock(java.lang.String),1,16,null
org.mybatis.jpetstore.web.actions.CartActionBean.addItemToCart(),org.mybatis.jpetstore.service.CatalogService.getItem(java.lang.String),1,16,null
org.mybatis.jpetstore.service.CatalogService.getItem(java.lang.String),org.mybatis.jpetstore.mapper.ItemMapper.getItem(java.lang.String),2,16 24,null
org.mybatis.jpetstore.mapper.ItemMapper.getItem(java.lang.String),org.mybatis.jpetstore.domain.Item.<init>(),3,16 24 34,null
org.mybatis.jpetstore.mapper.ItemMapper.getItem(java.lang.String),org.mybatis.jpetstore.domain.Item.setItemId(java.lang.String),3,16 24 34,null
org.mybatis.jpetstore.mapper.ItemMapper.getItem(java.lang.String),org.mybatis.jpetstore.domain.Item.setListPrice(java.math.BigDecimal),3,16 24 34,null
org.mybatis.jpetstore.mapper.ItemMapper.getItem(java.lang.String),org.mybatis.jpetstore.domain.Item.setUnitCost(java.math.BigDecimal),3,16 24 34,null
org.mybatis.jpetstore.mapper.ItemMapper.getItem(java.lang.String),org.mybatis.jpetstore.domain.Item.setSupplierId(int),3,16 24 34,null
org.mybatis.jpetstore.mapper.ItemMapper.getItem(java.lang.String),org.mybatis.jpetstore.domain.Item.getProduct(),3,16 24 34,null
org.mybatis.jpetstore.mapper.ItemMapper.getItem(java.lang.String),org.mybatis.jpetstore.domain.Product.<init>(),3,16 24 34,null
org.mybatis.jpetstore.mapper.ItemMapper.getItem(java.lang.String),org.mybatis.jpetstore.domain.Item.setProduct(org.mybatis.jpetstore.domain.Product),3,16 24 34,null
org.mybatis.jpetstore.mapper.ItemMapper.getItem(java.lang.String),org.mybatis.jpetstore.domain.Product.setProductId(java.lang.String),3,16 24 34,null
org.mybatis.jpetstore.mapper.ItemMapper.getItem(java.lang.String),org.mybatis.jpetstore.domain.Product.setName(java.lang.String),3,16 24 34,null
org.mybatis.jpetstore.mapper.ItemMapper.getItem(java.lang.String),org.mybatis.jpetstore.domain.Product.setDescription(java.lang.String),3,16 24 34,null
org.mybatis.jpetstore.mapper.ItemMapper.getItem(java.lang.String),org.mybatis.jpetstore.domain.Product.setCategoryId(java.lang.String),3,16 24 34,null
org.mybatis.jpetstore.mapper.ItemMapper.getItem(java.lang.String),org.mybatis.jpetstore.domain.Item.setStatus(java.lang.String),3,16 24 34,null
org.mybatis.jpetstore.mapper.ItemMapper.getItem(java.lang.String),org.mybatis.jpetstore.domain.Item.setAttribute1(java.lang.String),3,16 24 34,null
org.mybatis.jpetstore.mapper.ItemMapper.getItem(java.lang.String),org.mybatis.jpetstore.domain.Item.setAttribute2(java.lang.String),3,16 24 34,null
org.mybatis.jpetstore.mapper.ItemMapper.getItem(java.lang.String),org.mybatis.jpetstore.domain.Item.setAttribute3(java.lang.String),3,16 24 34,null
org.mybatis.jpetstore.mapper.ItemMapper.getItem(java.lang.String),org.mybatis.jpetstore.domain.Item.setAttribute4(java.lang.String),3,16 24 34,null
org.mybatis.jpetstore.mapper.ItemMapper.getItem(java.lang.String),org.mybatis.jpetstore.domain.Item.setAttribute5(java.lang.String),3,16 24 34,null
org.mybatis.jpetstore.mapper.ItemMapper.getItem(java.lang.String),org.mybatis.jpetstore.domain.Item.setQuantity(int),3,16 24 34,null
org.mybatis.jpetstore.web.actions.CartActionBean.addItemToCart(),"org.mybatis.jpetstore.domain.Cart.addItem(org.mybatis.jpetstore.domain.Item,boolean)",1,16,null
"org.mybatis.jpetstore.domain.Cart.addItem(org.mybatis.jpetstore.domain.Item,boolean)",org.mybatis.jpetstore.domain.Item.getItemId(),1,16,null
"org.mybatis.jpetstore.domain.Cart.addItem(org.mybatis.jpetstore.domain.Item,boolean)",org.mybatis.jpetstore.domain.CartItem.<init>(),1,16,null
"org.mybatis.jpetstore.domain.Cart.addItem(org.mybatis.jpetstore.domain.Item,boolean)",org.mybatis.jpetstore.domain.CartItem.setItem(org.mybatis.jpetstore.domain.Item),1,16,null
org.mybatis.jpetstore.domain.CartItem.setItem(org.mybatis.jpetstore.domain.Item),org.mybatis.jpetstore.domain.CartItem.calculateTotal(),1,16,null
"org.mybatis.jpetstore.domain.Cart.addItem(org.mybatis.jpetstore.domain.Item,boolean)",org.mybatis.jpetstore.domain.CartItem.setQuantity(int),1,16,null
org.mybatis.jpetstore.domain.CartItem.setQuantity(int),org.mybatis.jpetstore.domain.CartItem.calculateTotal(),2,16 42,null
"org.mybatis.jpetstore.domain.Cart.addItem(org.mybatis.jpetstore.domain.Item,boolean)",org.mybatis.jpetstore.domain.CartItem.setInStock(boolean),1,16,null
"org.mybatis.jpetstore.domain.Cart.addItem(org.mybatis.jpetstore.domain.Item,boolean)",org.mybatis.jpetstore.domain.CartItem.incrementQuantity(),1,16,null
org.mybatis.jpetstore.service.AccountService.<init>(),org.mybatis.jpetstore.persistence.DaoConfig.getDaoManager(),2,17 38,null
org.mybatis.jpetstore.service.AccountService.<init>(),org.mybatis.jpetstore.service.AccountService.class$(java.lang.String),1,17,null
org.mybatis.jpetstore.service.OrderService.<init>(),org.mybatis.jpetstore.persistence.DaoConfig.getDaoManager(),1,19,null
org.mybatis.jpetstore.service.OrderService.<init>(),org.mybatis.jpetstore.service.OrderService.class$(java.lang.String),1,19,null
org.mybatis.jpetstore.web.actions.CatalogActionBean.searchProducts(),org.mybatis.jpetstore.service.CatalogService.searchProductList(java.lang.String),2,20 21,null
org.mybatis.jpetstore.service.CatalogService.searchProductList(java.lang.String),org.mybatis.jpetstore.mapper.ProductMapper.searchProductList(java.lang.String),2,20 21,null
org.mybatis.jpetstore.mapper.ProductMapper.searchProductList(java.lang.String),org.mybatis.jpetstore.mapper.ProductMapper$ProductSearch.<init>(java.lang.String),2,20 21,null
org.mybatis.jpetstore.mapper.ProductMapper.searchProductList(java.lang.String),org.mybatis.jpetstore.mapper.ProductMapper$ProductSearch.getKeywordList(),2,20 21,null
org.mybatis.jpetstore.mapper.ProductMapper.searchProductList(java.lang.String),org.mybatis.jpetstore.domain.Product.<init>(),1,21,null
org.mybatis.jpetstore.mapper.ProductMapper.searchProductList(java.lang.String),org.mybatis.jpetstore.domain.Product.setProductId(java.lang.String),1,21,null
org.mybatis.jpetstore.mapper.ProductMapper.searchProductList(java.lang.String),org.mybatis.jpetstore.domain.Product.setName(java.lang.String),1,21,null
org.mybatis.jpetstore.mapper.ProductMapper.searchProductList(java.lang.String),org.mybatis.jpetstore.domain.Product.setDescription(java.lang.String),1,21,null
org.mybatis.jpetstore.mapper.ProductMapper.searchProductList(java.lang.String),org.mybatis.jpetstore.domain.Product.setCategoryId(java.lang.String),1,21,null
org.mybatis.jpetstore.web.actions.CatalogActionBean.searchProducts(),org.mybatis.jpetstore.web.actions.AbstractActionBean.setMessage(java.lang.String),1,22,null
org.mybatis.jpetstore.web.actions.CatalogActionBean.viewItem(),org.mybatis.jpetstore.service.CatalogService.getItem(java.lang.String),1,24,null
org.mybatis.jpetstore.web.actions.CatalogActionBean.viewItem(),org.mybatis.jpetstore.domain.Item.getProduct(),1,24,null
org.mybatis.jpetstore.web.actions.CartActionBean.<init>(org.mybatis.jpetstore.service.CatalogService),org.mybatis.jpetstore.domain.Cart.<init>(),1,25,null
org.mybatis.jpetstore.web.actions.AccountActionBean.setUsername(java.lang.String),org.mybatis.jpetstore.domain.Account.setUsername(java.lang.String),1,26,null
org.mybatis.jpetstore.web.actions.OrderActionBean.newOrder(),org.mybatis.jpetstore.web.actions.OrderActionBean.getOrder(),2,28 44,null
org.mybatis.jpetstore.web.actions.OrderActionBean.newOrder(),org.mybatis.jpetstore.service.OrderService.insertOrder(org.mybatis.jpetstore.domain.Order),2,28 44,null
org.mybatis.jpetstore.service.OrderService.insertOrder(org.mybatis.jpetstore.domain.Order),org.mybatis.jpetstore.service.OrderService.getNextId(java.lang.String),2,28 44,null
org.mybatis.jpetstore.service.OrderService.getNextId(java.lang.String),org.mybatis.jpetstore.mapper.SequenceMapper.getNextId(java.lang.String),2,28 44,null
org.mybatis.jpetstore.mapper.SequenceMapper.getNextId(java.lang.String),"org.mybatis.jpetstore.domain.Sequence.<init>(java.lang.String,int)",2,28 44,null
org.mybatis.jpetstore.mapper.SequenceMapper.getNextId(java.lang.String),org.mybatis.jpetstore.domain.Sequence.getName(),2,28 44,null
org.mybatis.jpetstore.mapper.SequenceMapper.getNextId(java.lang.String),org.mybatis.jpetstore.domain.Sequence.<init>(),2,28 44,null
org.mybatis.jpetstore.mapper.SequenceMapper.getNextId(java.lang.String),org.mybatis.jpetstore.domain.Sequence.setName(java.lang.String),2,28 44,null
org.mybatis.jpetstore.mapper.SequenceMapper.getNextId(java.lang.String),org.mybatis.jpetstore.domain.Sequence.setNextId(int),2,28 44,null
org.mybatis.jpetstore.mapper.SequenceMapper.getNextId(java.lang.String),org.mybatis.jpetstore.domain.Sequence.getNextId(),2,28 44,null
org.mybatis.jpetstore.service.OrderService.insertOrder(org.mybatis.jpetstore.domain.Order),org.mybatis.jpetstore.domain.Order.setOrderId(int),2,28 44,null
org.mybatis.jpetstore.service.OrderService.insertOrder(org.mybatis.jpetstore.domain.Order),org.mybatis.jpetstore.mapper.ItemMapper.updateAllQuantitiesFromOrder(org.mybatis.jpetstore.domain.Order),2,28 44,null
org.mybatis.jpetstore.mapper.ItemMapper.updateAllQuantitiesFromOrder(org.mybatis.jpetstore.domain.Order),org.mybatis.jpetstore.domain.Order.getLineItems(),2,28 44,null
org.mybatis.jpetstore.mapper.ItemMapper.updateAllQuantitiesFromOrder(org.mybatis.jpetstore.domain.Order),org.mybatis.jpetstore.domain.LineItem.getItemId(),2,28 44,null
org.mybatis.jpetstore.mapper.ItemMapper.updateAllQuantitiesFromOrder(org.mybatis.jpetstore.domain.Order),org.mybatis.jpetstore.domain.LineItem.getQuantity(),2,28 44,null
org.mybatis.jpetstore.service.OrderService.insertOrder(org.mybatis.jpetstore.domain.Order),org.mybatis.jpetstore.mapper.OrderMapper.insertOrder(org.mybatis.jpetstore.domain.Order),2,28 44,null
org.mybatis.jpetstore.mapper.OrderMapper.insertOrder(org.mybatis.jpetstore.domain.Order),org.mybatis.jpetstore.domain.Order.getOrderId(),2,28 44,null
org.mybatis.jpetstore.mapper.OrderMapper.insertOrder(org.mybatis.jpetstore.domain.Order),org.mybatis.jpetstore.domain.Order.getUsername(),2,28 44,null
org.mybatis.jpetstore.mapper.OrderMapper.insertOrder(org.mybatis.jpetstore.domain.Order),org.mybatis.jpetstore.domain.Order.getOrderDate(),2,28 44,null
org.mybatis.jpetstore.mapper.OrderMapper.insertOrder(org.mybatis.jpetstore.domain.Order),org.mybatis.jpetstore.domain.Order.getShipAddress1(),2,28 44,null
org.mybatis.jpetstore.mapper.OrderMapper.insertOrder(org.mybatis.jpetstore.domain.Order),org.mybatis.jpetstore.domain.Order.getShipAddress2(),2,28 44,null
org.mybatis.jpetstore.mapper.OrderMapper.insertOrder(org.mybatis.jpetstore.domain.Order),org.mybatis.jpetstore.domain.Order.getShipCity(),2,28 44,null
org.mybatis.jpetstore.mapper.OrderMapper.insertOrder(org.mybatis.jpetstore.domain.Order),org.mybatis.jpetstore.domain.Order.getShipState(),2,28 44,null
org.mybatis.jpetstore.mapper.OrderMapper.insertOrder(org.mybatis.jpetstore.domain.Order),org.mybatis.jpetstore.domain.Order.getShipZip(),2,28 44,null
org.mybatis.jpetstore.mapper.OrderMapper.insertOrder(org.mybatis.jpetstore.domain.Order),org.mybatis.jpetstore.domain.Order.getShipCountry(),2,28 44,null
org.mybatis.jpetstore.mapper.OrderMapper.insertOrder(org.mybatis.jpetstore.domain.Order),org.mybatis.jpetstore.domain.Order.getBillAddress1(),2,28 44,null
org.mybatis.jpetstore.mapper.OrderMapper.insertOrder(org.mybatis.jpetstore.domain.Order),org.mybatis.jpetstore.domain.Order.getBillAddress2(),2,28 44,null
org.mybatis.jpetstore.mapper.OrderMapper.insertOrder(org.mybatis.jpetstore.domain.Order),org.mybatis.jpetstore.domain.Order.getBillCity(),2,28 44,null
org.mybatis.jpetstore.mapper.OrderMapper.insertOrder(org.mybatis.jpetstore.domain.Order),org.mybatis.jpetstore.domain.Order.getBillState(),2,28 44,null
org.mybatis.jpetstore.mapper.OrderMapper.insertOrder(org.mybatis.jpetstore.domain.Order),org.mybatis.jpetstore.domain.Order.getBillZip(),2,28 44,null
org.mybatis.jpetstore.mapper.OrderMapper.insertOrder(org.mybatis.jpetstore.domain.Order),org.mybatis.jpetstore.domain.Order.getBillCountry(),2,28 44,null
org.mybatis.jpetstore.mapper.OrderMapper.insertOrder(org.mybatis.jpetstore.domain.Order),org.mybatis.jpetstore.domain.Order.getCourier(),2,28 44,null
org.mybatis.jpetstore.mapper.OrderMapper.insertOrder(org.mybatis.jpetstore.domain.Order),org.mybatis.jpetstore.domain.Order.getTotalPrice(),2,28 44,null
org.mybatis.jpetstore.mapper.OrderMapper.insertOrder(org.mybatis.jpetstore.domain.Order),org.mybatis.jpetstore.domain.Order.getBillToFirstName(),2,28 44,null
org.mybatis.jpetstore.mapper.OrderMapper.insertOrder(org.mybatis.jpetstore.domain.Order),org.mybatis.jpetstore.domain.Order.getBillToLastName(),2,28 44,null
org.mybatis.jpetstore.mapper.OrderMapper.insertOrder(org.mybatis.jpetstore.domain.Order),org.mybatis.jpetstore.domain.Order.getShipToFirstName(),2,28 44,null
org.mybatis.jpetstore.mapper.OrderMapper.insertOrder(org.mybatis.jpetstore.domain.Order),org.mybatis.jpetstore.domain.Order.getShipToLastName(),2,28 44,null
org.mybatis.jpetstore.mapper.OrderMapper.insertOrder(org.mybatis.jpetstore.domain.Order),org.mybatis.jpetstore.domain.Order.getCreditCard(),2,28 44,null
org.mybatis.jpetstore.mapper.OrderMapper.insertOrder(org.mybatis.jpetstore.domain.Order),org.mybatis.jpetstore.domain.Order.getExpiryDate(),2,28 44,null
org.mybatis.jpetstore.mapper.OrderMapper.insertOrder(org.mybatis.jpetstore.domain.Order),org.mybatis.jpetstore.domain.Order.getCardType(),2,28 44,null
org.mybatis.jpetstore.mapper.OrderMapper.insertOrder(org.mybatis.jpetstore.domain.Order),org.mybatis.jpetstore.domain.Order.getLocale(),2,28 44,null
org.mybatis.jpetstore.mapper.OrderMapper.insertOrder(org.mybatis.jpetstore.domain.Order),org.mybatis.jpetstore.domain.Order.getStatus(),2,28 44,null
org.mybatis.jpetstore.mapper.OrderMapper.insertOrder(org.mybatis.jpetstore.domain.Order),org.mybatis.jpetstore.domain.Order.getLineItems(),2,28 44,null
org.mybatis.jpetstore.mapper.OrderMapper.insertOrder(org.mybatis.jpetstore.domain.Order),org.mybatis.jpetstore.domain.LineItem.setOrderId(int),2,28 44,null
org.mybatis.jpetstore.mapper.OrderMapper.insertOrder(org.mybatis.jpetstore.domain.Order),org.mybatis.jpetstore.domain.LineItem.getOrderId(),2,28 44,null
org.mybatis.jpetstore.mapper.OrderMapper.insertOrder(org.mybatis.jpetstore.domain.Order),org.mybatis.jpetstore.domain.LineItem.getLineNumber(),2,28 44,null
org.mybatis.jpetstore.mapper.OrderMapper.insertOrder(org.mybatis.jpetstore.domain.Order),org.mybatis.jpetstore.domain.LineItem.getItemId(),2,28 44,null
org.mybatis.jpetstore.mapper.OrderMapper.insertOrder(org.mybatis.jpetstore.domain.Order),org.mybatis.jpetstore.domain.LineItem.getQuantity(),2,28 44,null
org.mybatis.jpetstore.mapper.OrderMapper.insertOrder(org.mybatis.jpetstore.domain.Order),org.mybatis.jpetstore.domain.LineItem.getUnitPrice(),2,28 44,null
org.mybatis.jpetstore.web.actions.OrderActionBean.newOrder(),org.mybatis.jpetstore.web.actions.CartActionBean.clear(),2,28 44,null
org.mybatis.jpetstore.web.actions.CartActionBean.clear(),org.mybatis.jpetstore.domain.Cart.<init>(),2,28 44,null
org.mybatis.jpetstore.web.actions.OrderActionBean.newOrder(),org.mybatis.jpetstore.web.actions.AbstractActionBean.setMessage(java.lang.String),2,28 44,null
org.mybatis.jpetstore.web.actions.AccountActionBean.setPassword(java.lang.String),org.mybatis.jpetstore.domain.Account.setPassword(java.lang.String),1,29,null
org.mybatis.jpetstore.service.CatalogService.<init>(),org.mybatis.jpetstore.persistence.DaoConfig.newDaoManager(java.util.Properties),1,30,null
org.mybatis.jpetstore.persistence.DaoConfig.newDaoManager(java.util.Properties),org.mybatis.jpetstore.mapper.BaseSqlMapDao.<init>(org.mybatis.dao.client.DaoManager),1,30,null
org.mybatis.jpetstore.persistence.DaoConfig.newDaoManager(java.util.Properties),org.mybatis.jpetstore.mapper.ItemMapper.<init>(org.mybatis.dao.client.DaoManager),1,30,null
org.mybatis.jpetstore.persistence.DaoConfig.newDaoManager(java.util.Properties),org.mybatis.jpetstore.mapper.SequenceMapper.<init>(org.mybatis.dao.client.DaoManager),1,30,null
org.mybatis.jpetstore.persistence.DaoConfig.newDaoManager(java.util.Properties),org.mybatis.jpetstore.mapper.AccountMapper.<init>(org.mybatis.dao.client.DaoManager),1,30,null
org.mybatis.jpetstore.persistence.DaoConfig.newDaoManager(java.util.Properties),org.mybatis.jpetstore.mapper.CategoryMapper.<init>(org.mybatis.dao.client.DaoManager),1,30,null
org.mybatis.jpetstore.persistence.DaoConfig.newDaoManager(java.util.Properties),org.mybatis.jpetstore.mapper.ProductMapper.<init>(org.mybatis.dao.client.DaoManager),1,30,null
org.mybatis.jpetstore.persistence.DaoConfig.newDaoManager(java.util.Properties),org.mybatis.jpetstore.mapper.OrderMapper.<init>(org.mybatis.dao.client.DaoManager),1,30,null
org.mybatis.jpetstore.service.CatalogService.<init>(),org.mybatis.jpetstore.persistence.DaoConfig.getDaoManager(),2,30 39,null
org.mybatis.jpetstore.service.CatalogService.<init>(),org.mybatis.jpetstore.service.CatalogService.class$(java.lang.String),1,30,null
org.mybatis.jpetstore.web.actions.AccountActionBean.getUsername(),org.mybatis.jpetstore.domain.Account.getUsername(),1,32,null
org.mybatis.jpetstore.web.actions.AccountActionBean.getPassword(),org.mybatis.jpetstore.domain.Account.getPassword(),1,33,null
org.mybatis.jpetstore.web.actions.OrderActionBean.viewOrder(),org.mybatis.jpetstore.service.OrderService.getOrder(int),1,34,null
org.mybatis.jpetstore.service.OrderService.getOrder(int),org.mybatis.jpetstore.mapper.OrderMapper.getOrder(int),1,34,null
org.mybatis.jpetstore.mapper.OrderMapper.getOrder(int),org.mybatis.jpetstore.domain.Order.<init>(),1,34,null
org.mybatis.jpetstore.mapper.OrderMapper.getOrder(int),org.mybatis.jpetstore.domain.Order.setBillAddress1(java.lang.String),1,34,null
org.mybatis.jpetstore.mapper.OrderMapper.getOrder(int),org.mybatis.jpetstore.domain.Order.setBillAddress2(java.lang.String),1,34,null
org.mybatis.jpetstore.mapper.OrderMapper.getOrder(int),org.mybatis.jpetstore.domain.Order.setBillCity(java.lang.String),1,34,null
org.mybatis.jpetstore.mapper.OrderMapper.getOrder(int),org.mybatis.jpetstore.domain.Order.setBillCountry(java.lang.String),1,34,null
org.mybatis.jpetstore.mapper.OrderMapper.getOrder(int),org.mybatis.jpetstore.domain.Order.setBillState(java.lang.String),1,34,null
org.mybatis.jpetstore.mapper.OrderMapper.getOrder(int),org.mybatis.jpetstore.domain.Order.setBillToFirstName(java.lang.String),1,34,null
org.mybatis.jpetstore.mapper.OrderMapper.getOrder(int),org.mybatis.jpetstore.domain.Order.setBillToLastName(java.lang.String),1,34,null
org.mybatis.jpetstore.mapper.OrderMapper.getOrder(int),org.mybatis.jpetstore.domain.Order.setBillZip(java.lang.String),1,34,null
org.mybatis.jpetstore.mapper.OrderMapper.getOrder(int),org.mybatis.jpetstore.domain.Order.setShipAddress1(java.lang.String),1,34,null
org.mybatis.jpetstore.mapper.OrderMapper.getOrder(int),org.mybatis.jpetstore.domain.Order.setShipAddress2(java.lang.String),1,34,null
org.mybatis.jpetstore.mapper.OrderMapper.getOrder(int),org.mybatis.jpetstore.domain.Order.setShipCity(java.lang.String),1,34,null
org.mybatis.jpetstore.mapper.OrderMapper.getOrder(int),org.mybatis.jpetstore.domain.Order.setShipCountry(java.lang.String),1,34,null
org.mybatis.jpetstore.mapper.OrderMapper.getOrder(int),org.mybatis.jpetstore.domain.Order.setShipState(java.lang.String),1,34,null
org.mybatis.jpetstore.mapper.OrderMapper.getOrder(int),org.mybatis.jpetstore.domain.Order.setShipToFirstName(java.lang.String),1,34,null
org.mybatis.jpetstore.mapper.OrderMapper.getOrder(int),org.mybatis.jpetstore.domain.Order.setShipToLastName(java.lang.String),1,34,null
org.mybatis.jpetstore.mapper.OrderMapper.getOrder(int),org.mybatis.jpetstore.domain.Order.setShipZip(java.lang.String),1,34,null
org.mybatis.jpetstore.mapper.OrderMapper.getOrder(int),org.mybatis.jpetstore.domain.Order.setCardType(java.lang.String),1,34,null
org.mybatis.jpetstore.mapper.OrderMapper.getOrder(int),org.mybatis.jpetstore.domain.Order.setCourier(java.lang.String),1,34,null
org.mybatis.jpetstore.mapper.OrderMapper.getOrder(int),org.mybatis.jpetstore.domain.Order.setCreditCard(java.lang.String),1,34,null
org.mybatis.jpetstore.mapper.OrderMapper.getOrder(int),org.mybatis.jpetstore.domain.Order.setExpiryDate(java.lang.String),1,34,null
org.mybatis.jpetstore.mapper.OrderMapper.getOrder(int),org.mybatis.jpetstore.domain.Order.setLocale(java.lang.String),1,34,null
org.mybatis.jpetstore.mapper.OrderMapper.getOrder(int),org.mybatis.jpetstore.domain.Order.setOrderDate(java.util.Date),1,34,null
org.mybatis.jpetstore.mapper.OrderMapper.getOrder(int),org.mybatis.jpetstore.domain.Order.setOrderId(int),1,34,null
org.mybatis.jpetstore.mapper.OrderMapper.getOrder(int),org.mybatis.jpetstore.domain.Order.setTotalPrice(java.math.BigDecimal),1,34,null
org.mybatis.jpetstore.mapper.OrderMapper.getOrder(int),org.mybatis.jpetstore.domain.Order.setUsername(java.lang.String),1,34,null
org.mybatis.jpetstore.mapper.OrderMapper.getOrder(int),org.mybatis.jpetstore.domain.Order.setStatus(java.lang.String),1,34,null
org.mybatis.jpetstore.mapper.OrderMapper.getOrder(int),org.mybatis.jpetstore.domain.Order.getOrderId(),1,34,null
org.mybatis.jpetstore.mapper.OrderMapper.getOrder(int),org.mybatis.jpetstore.domain.LineItem.<init>(),1,34,null
org.mybatis.jpetstore.mapper.OrderMapper.getOrder(int),org.mybatis.jpetstore.domain.LineItem.setOrderId(int),1,34,null
org.mybatis.jpetstore.mapper.OrderMapper.getOrder(int),org.mybatis.jpetstore.domain.LineItem.setLineNumber(int),1,34,null
org.mybatis.jpetstore.mapper.OrderMapper.getOrder(int),org.mybatis.jpetstore.domain.LineItem.setItemId(java.lang.String),1,34,null
org.mybatis.jpetstore.mapper.OrderMapper.getOrder(int),org.mybatis.jpetstore.domain.LineItem.setQuantity(int),1,34,null
org.mybatis.jpetstore.domain.LineItem.setQuantity(int),org.mybatis.jpetstore.domain.LineItem.calculateTotal(),1,34,null
org.mybatis.jpetstore.mapper.OrderMapper.getOrder(int),org.mybatis.jpetstore.domain.LineItem.setUnitPrice(java.math.BigDecimal),1,34,null
org.mybatis.jpetstore.mapper.OrderMapper.getOrder(int),org.mybatis.jpetstore.domain.Order.setLineItems(java.util.List),1,34,null
org.mybatis.jpetstore.service.OrderService.getOrder(int),org.mybatis.jpetstore.domain.Order.getLineItems(),1,34,null
org.mybatis.jpetstore.service.OrderService.getOrder(int),org.mybatis.jpetstore.domain.LineItem.getItemId(),1,34,null
org.mybatis.jpetstore.service.OrderService.getOrder(int),org.mybatis.jpetstore.mapper.ItemMapper.getItem(java.lang.String),1,34,null
org.mybatis.jpetstore.service.OrderService.getOrder(int),org.mybatis.jpetstore.domain.LineItem.setItem(org.mybatis.jpetstore.domain.Item),1,34,null
org.mybatis.jpetstore.domain.LineItem.setItem(org.mybatis.jpetstore.domain.Item),org.mybatis.jpetstore.domain.LineItem.calculateTotal(),1,34,null
org.mybatis.jpetstore.domain.LineItem.calculateTotal(),org.mybatis.jpetstore.domain.Item.getListPrice(),1,34,null
org.mybatis.jpetstore.web.actions.OrderActionBean.viewOrder(),org.mybatis.jpetstore.web.actions.AccountActionBean.getAccount(),1,34,null
org.mybatis.jpetstore.web.actions.OrderActionBean.viewOrder(),org.mybatis.jpetstore.domain.Account.getUsername(),1,34,null
org.mybatis.jpetstore.web.actions.OrderActionBean.viewOrder(),org.mybatis.jpetstore.domain.Order.getUsername(),1,34,null
"org.mybatis.jpetstore.web.actions.OrderActionBean.<init>(org.mybatis.jpetstore.service.AccountService,org.mybatis.jpetstore.service.OrderService)",org.mybatis.jpetstore.domain.Order.<init>(),1,35,null
org.mybatis.jpetstore.web.actions.OrderActionBean.newOrderForm(),org.mybatis.jpetstore.web.actions.AbstractActionBean.setMessage(java.lang.String),1,37,null
"org.mybatis.jpetstore.web.actions.AccountActionBean.<init>(org.mybatis.jpetstore.service.AccountService,org.mybatis.jpetstore.service.CatalogService)",org.mybatis.jpetstore.domain.Account.<init>(),1,41,null
org.mybatis.jpetstore.web.actions.CartActionBean.updateCartQuantities(),org.mybatis.jpetstore.web.actions.CartActionBean.getCart(),1,42,null
org.mybatis.jpetstore.web.actions.CartActionBean.updateCartQuantities(),org.mybatis.jpetstore.domain.Cart.getAllCartItems(),1,42,null
org.mybatis.jpetstore.web.actions.CartActionBean.updateCartQuantities(),org.mybatis.jpetstore.domain.CartItem.getItem(),1,42,null
org.mybatis.jpetstore.web.actions.CartActionBean.updateCartQuantities(),org.mybatis.jpetstore.domain.Item.getItemId(),1,42,null
org.mybatis.jpetstore.web.actions.CartActionBean.updateCartQuantities(),"org.mybatis.jpetstore.domain.Cart.setQuantityByItemId(java.lang.String,int)",1,42,null
"org.mybatis.jpetstore.domain.Cart.setQuantityByItemId(java.lang.String,int)",org.mybatis.jpetstore.domain.CartItem.setQuantity(int),1,42,null
