method1,method2,method2return,method2para,class1,class2
org.mybatis.jpetstore.web.actions.AccountActionBean.isAuthenticated,org.mybatis.jpetstore.domain.Account.getUsername,java.lang.String,,org.mybatis.jpetstore.web.actions.AccountActionBean,org.mybatis.jpetstore.domain.Account
org.mybatis.jpetstore.web.actions.CatalogActionBean.viewProduct,org.mybatis.jpetstore.service.CatalogService.getItemListByProduct,org.mybatis.common.util.PaginatedList,java.lang.String,org.mybatis.jpetstore.web.actions.CatalogActionBean,org.mybatis.jpetstore.service.CatalogService
org.mybatis.jpetstore.service.CatalogService.getItemListByProduct,org.mybatis.jpetstore.mapper.ItemMapper.getItemListByProduct,org.mybatis.common.util.PaginatedList,java.lang.String,org.mybatis.jpetstore.service.CatalogService,org.mybatis.jpetstore.mapper.ItemMapper
org.mybatis.jpetstore.mapper.ItemMapper.getItemListByProduct,org.mybatis.jpetstore.domain.Item.<init>,public,,org.mybatis.jpetstore.mapper.ItemMapper,org.mybatis.jpetstore.domain.Item
org.mybatis.jpetstore.mapper.ItemMapper.getItemListByProduct,org.mybatis.jpetstore.domain.Item.setItemId,void,java.lang.String,org.mybatis.jpetstore.mapper.ItemMapper,org.mybatis.jpetstore.domain.Item
org.mybatis.jpetstore.mapper.ItemMapper.getItemListByProduct,org.mybatis.jpetstore.domain.Item.setListPrice,void,java.math.BigDecimal,org.mybatis.jpetstore.mapper.ItemMapper,org.mybatis.jpetstore.domain.Item
org.mybatis.jpetstore.mapper.ItemMapper.getItemListByProduct,org.mybatis.jpetstore.domain.Item.setUnitCost,void,java.math.BigDecimal,org.mybatis.jpetstore.mapper.ItemMapper,org.mybatis.jpetstore.domain.Item
org.mybatis.jpetstore.mapper.ItemMapper.getItemListByProduct,org.mybatis.jpetstore.domain.Item.setSupplierId,void,int,org.mybatis.jpetstore.mapper.ItemMapper,org.mybatis.jpetstore.domain.Item
org.mybatis.jpetstore.mapper.ItemMapper.getItemListByProduct,org.mybatis.jpetstore.domain.Item.getProduct,org.mybatis.jpetstore.domain.Product,,org.mybatis.jpetstore.mapper.ItemMapper,org.mybatis.jpetstore.domain.Item
org.mybatis.jpetstore.mapper.ItemMapper.getItemListByProduct,org.mybatis.jpetstore.domain.Product.<init>,public,,org.mybatis.jpetstore.mapper.ItemMapper,org.mybatis.jpetstore.domain.Product
org.mybatis.jpetstore.mapper.ItemMapper.getItemListByProduct,org.mybatis.jpetstore.domain.Item.setProduct,void,org.mybatis.jpetstore.domain.Product,org.mybatis.jpetstore.mapper.ItemMapper,org.mybatis.jpetstore.domain.Item
org.mybatis.jpetstore.mapper.ItemMapper.getItemListByProduct,org.mybatis.jpetstore.domain.Product.setProductId,void,java.lang.String,org.mybatis.jpetstore.mapper.ItemMapper,org.mybatis.jpetstore.domain.Product
org.mybatis.jpetstore.mapper.ItemMapper.getItemListByProduct,org.mybatis.jpetstore.domain.Product.setName,void,java.lang.String,org.mybatis.jpetstore.mapper.ItemMapper,org.mybatis.jpetstore.domain.Product
org.mybatis.jpetstore.mapper.ItemMapper.getItemListByProduct,org.mybatis.jpetstore.domain.Product.setDescription,void,java.lang.String,org.mybatis.jpetstore.mapper.ItemMapper,org.mybatis.jpetstore.domain.Product
org.mybatis.jpetstore.mapper.ItemMapper.getItemListByProduct,org.mybatis.jpetstore.domain.Product.setCategoryId,void,java.lang.String,org.mybatis.jpetstore.mapper.ItemMapper,org.mybatis.jpetstore.domain.Product
org.mybatis.jpetstore.mapper.ItemMapper.getItemListByProduct,org.mybatis.jpetstore.domain.Item.setStatus,void,java.lang.String,org.mybatis.jpetstore.mapper.ItemMapper,org.mybatis.jpetstore.domain.Item
org.mybatis.jpetstore.mapper.ItemMapper.getItemListByProduct,org.mybatis.jpetstore.domain.Item.setAttribute1,void,java.lang.String,org.mybatis.jpetstore.mapper.ItemMapper,org.mybatis.jpetstore.domain.Item
org.mybatis.jpetstore.mapper.ItemMapper.getItemListByProduct,org.mybatis.jpetstore.domain.Item.setAttribute2,void,java.lang.String,org.mybatis.jpetstore.mapper.ItemMapper,org.mybatis.jpetstore.domain.Item
org.mybatis.jpetstore.mapper.ItemMapper.getItemListByProduct,org.mybatis.jpetstore.domain.Item.setAttribute3,void,java.lang.String,org.mybatis.jpetstore.mapper.ItemMapper,org.mybatis.jpetstore.domain.Item
org.mybatis.jpetstore.mapper.ItemMapper.getItemListByProduct,org.mybatis.jpetstore.domain.Item.setAttribute4,void,java.lang.String,org.mybatis.jpetstore.mapper.ItemMapper,org.mybatis.jpetstore.domain.Item
org.mybatis.jpetstore.mapper.ItemMapper.getItemListByProduct,org.mybatis.jpetstore.domain.Item.setAttribute5,void,java.lang.String,org.mybatis.jpetstore.mapper.ItemMapper,org.mybatis.jpetstore.domain.Item
org.mybatis.jpetstore.web.actions.CatalogActionBean.viewProduct,org.mybatis.jpetstore.service.CatalogService.getProduct,org.mybatis.jpetstore.domain.Product,java.lang.String,org.mybatis.jpetstore.web.actions.CatalogActionBean,org.mybatis.jpetstore.service.CatalogService
org.mybatis.jpetstore.service.CatalogService.getProduct,org.mybatis.jpetstore.mapper.ProductMapper.getProduct,org.mybatis.jpetstore.domain.Product,java.lang.String,org.mybatis.jpetstore.service.CatalogService,org.mybatis.jpetstore.mapper.ProductMapper
org.mybatis.jpetstore.mapper.ProductMapper.getProduct,org.mybatis.jpetstore.domain.Product.<init>,public,,org.mybatis.jpetstore.mapper.ProductMapper,org.mybatis.jpetstore.domain.Product
org.mybatis.jpetstore.mapper.ProductMapper.getProduct,org.mybatis.jpetstore.domain.Product.setProductId,void,java.lang.String,org.mybatis.jpetstore.mapper.ProductMapper,org.mybatis.jpetstore.domain.Product
org.mybatis.jpetstore.mapper.ProductMapper.getProduct,org.mybatis.jpetstore.domain.Product.setName,void,java.lang.String,org.mybatis.jpetstore.mapper.ProductMapper,org.mybatis.jpetstore.domain.Product
org.mybatis.jpetstore.mapper.ProductMapper.getProduct,org.mybatis.jpetstore.domain.Product.setDescription,void,java.lang.String,org.mybatis.jpetstore.mapper.ProductMapper,org.mybatis.jpetstore.domain.Product
org.mybatis.jpetstore.mapper.ProductMapper.getProduct,org.mybatis.jpetstore.domain.Product.setCategoryId,void,java.lang.String,org.mybatis.jpetstore.mapper.ProductMapper,org.mybatis.jpetstore.domain.Product
org.mybatis.jpetstore.web.actions.CatalogActionBean.viewCategory,org.mybatis.jpetstore.service.CatalogService.getProductListByCategory,org.mybatis.common.util.PaginatedList,java.lang.String,org.mybatis.jpetstore.web.actions.CatalogActionBean,org.mybatis.jpetstore.service.CatalogService
org.mybatis.jpetstore.service.CatalogService.getProductListByCategory,org.mybatis.jpetstore.mapper.ProductMapper.getProductListByCategory,org.mybatis.common.util.PaginatedList,java.lang.String,org.mybatis.jpetstore.service.CatalogService,org.mybatis.jpetstore.mapper.ProductMapper
org.mybatis.jpetstore.mapper.ProductMapper.getProductListByCategory,org.mybatis.jpetstore.domain.Product.<init>,public,,org.mybatis.jpetstore.mapper.ProductMapper,org.mybatis.jpetstore.domain.Product
org.mybatis.jpetstore.mapper.ProductMapper.getProductListByCategory,org.mybatis.jpetstore.domain.Product.setProductId,void,java.lang.String,org.mybatis.jpetstore.mapper.ProductMapper,org.mybatis.jpetstore.domain.Product
org.mybatis.jpetstore.mapper.ProductMapper.getProductListByCategory,org.mybatis.jpetstore.domain.Product.setName,void,java.lang.String,org.mybatis.jpetstore.mapper.ProductMapper,org.mybatis.jpetstore.domain.Product
org.mybatis.jpetstore.mapper.ProductMapper.getProductListByCategory,org.mybatis.jpetstore.domain.Product.setDescription,void,java.lang.String,org.mybatis.jpetstore.mapper.ProductMapper,org.mybatis.jpetstore.domain.Product
org.mybatis.jpetstore.mapper.ProductMapper.getProductListByCategory,org.mybatis.jpetstore.domain.Product.setCategoryId,void,java.lang.String,org.mybatis.jpetstore.mapper.ProductMapper,org.mybatis.jpetstore.domain.Product
org.mybatis.jpetstore.web.actions.CatalogActionBean.viewCategory,org.mybatis.jpetstore.service.CatalogService.getCategory,org.mybatis.jpetstore.domain.Category,java.lang.String,org.mybatis.jpetstore.web.actions.CatalogActionBean,org.mybatis.jpetstore.service.CatalogService
org.mybatis.jpetstore.service.CatalogService.getCategory,org.mybatis.jpetstore.mapper.CategoryMapper.getCategory,org.mybatis.jpetstore.domain.Category,java.lang.String,org.mybatis.jpetstore.service.CatalogService,org.mybatis.jpetstore.mapper.CategoryMapper
org.mybatis.jpetstore.mapper.CategoryMapper.getCategory,org.mybatis.jpetstore.domain.Category.<init>,public,,org.mybatis.jpetstore.mapper.CategoryMapper,org.mybatis.jpetstore.domain.Category
org.mybatis.jpetstore.mapper.CategoryMapper.getCategory,org.mybatis.jpetstore.domain.Category.setCategoryId,void,java.lang.String,org.mybatis.jpetstore.mapper.CategoryMapper,org.mybatis.jpetstore.domain.Category
org.mybatis.jpetstore.mapper.CategoryMapper.getCategory,org.mybatis.jpetstore.domain.Category.setName,void,java.lang.String,org.mybatis.jpetstore.mapper.CategoryMapper,org.mybatis.jpetstore.domain.Category
org.mybatis.jpetstore.mapper.CategoryMapper.getCategory,org.mybatis.jpetstore.domain.Category.setDescription,void,java.lang.String,org.mybatis.jpetstore.mapper.CategoryMapper,org.mybatis.jpetstore.domain.Category
org.mybatis.jpetstore.web.actions.OrderActionBean.listOrders,org.mybatis.jpetstore.web.actions.AccountActionBean.getAccount,org.mybatis.jpetstore.domain.Account,,org.mybatis.jpetstore.web.actions.OrderActionBean,org.mybatis.jpetstore.web.actions.AccountActionBean
org.mybatis.jpetstore.web.actions.OrderActionBean.listOrders,org.mybatis.jpetstore.domain.Account.getUsername,java.lang.String,,org.mybatis.jpetstore.web.actions.OrderActionBean,org.mybatis.jpetstore.domain.Account
org.mybatis.jpetstore.web.actions.OrderActionBean.listOrders,org.mybatis.jpetstore.service.OrderService.getOrdersByUsername,org.mybatis.common.util.PaginatedList,java.lang.String,org.mybatis.jpetstore.web.actions.OrderActionBean,org.mybatis.jpetstore.service.OrderService
org.mybatis.jpetstore.service.OrderService.getOrdersByUsername,org.mybatis.jpetstore.mapper.OrderMapper.getOrdersByUsername,org.mybatis.common.util.PaginatedList,java.lang.String,org.mybatis.jpetstore.service.OrderService,org.mybatis.jpetstore.mapper.OrderMapper
org.mybatis.jpetstore.mapper.OrderMapper.getOrdersByUsername,org.mybatis.jpetstore.domain.Order.<init>,public,,org.mybatis.jpetstore.mapper.OrderMapper,org.mybatis.jpetstore.domain.Order
org.mybatis.jpetstore.mapper.OrderMapper.getOrdersByUsername,org.mybatis.jpetstore.domain.Order.setBillAddress1,void,java.lang.String,org.mybatis.jpetstore.mapper.OrderMapper,org.mybatis.jpetstore.domain.Order
org.mybatis.jpetstore.mapper.OrderMapper.getOrdersByUsername,org.mybatis.jpetstore.domain.Order.setBillAddress2,void,java.lang.String,org.mybatis.jpetstore.mapper.OrderMapper,org.mybatis.jpetstore.domain.Order
org.mybatis.jpetstore.mapper.OrderMapper.getOrdersByUsername,org.mybatis.jpetstore.domain.Order.setBillCity,void,java.lang.String,org.mybatis.jpetstore.mapper.OrderMapper,org.mybatis.jpetstore.domain.Order
org.mybatis.jpetstore.mapper.OrderMapper.getOrdersByUsername,org.mybatis.jpetstore.domain.Order.setBillCountry,void,java.lang.String,org.mybatis.jpetstore.mapper.OrderMapper,org.mybatis.jpetstore.domain.Order
org.mybatis.jpetstore.mapper.OrderMapper.getOrdersByUsername,org.mybatis.jpetstore.domain.Order.setBillState,void,java.lang.String,org.mybatis.jpetstore.mapper.OrderMapper,org.mybatis.jpetstore.domain.Order
org.mybatis.jpetstore.mapper.OrderMapper.getOrdersByUsername,org.mybatis.jpetstore.domain.Order.setBillToFirstName,void,java.lang.String,org.mybatis.jpetstore.mapper.OrderMapper,org.mybatis.jpetstore.domain.Order
org.mybatis.jpetstore.mapper.OrderMapper.getOrdersByUsername,org.mybatis.jpetstore.domain.Order.setBillToLastName,void,java.lang.String,org.mybatis.jpetstore.mapper.OrderMapper,org.mybatis.jpetstore.domain.Order
org.mybatis.jpetstore.mapper.OrderMapper.getOrdersByUsername,org.mybatis.jpetstore.domain.Order.setBillZip,void,java.lang.String,org.mybatis.jpetstore.mapper.OrderMapper,org.mybatis.jpetstore.domain.Order
org.mybatis.jpetstore.mapper.OrderMapper.getOrdersByUsername,org.mybatis.jpetstore.domain.Order.setShipAddress1,void,java.lang.String,org.mybatis.jpetstore.mapper.OrderMapper,org.mybatis.jpetstore.domain.Order
org.mybatis.jpetstore.mapper.OrderMapper.getOrdersByUsername,org.mybatis.jpetstore.domain.Order.setShipAddress2,void,java.lang.String,org.mybatis.jpetstore.mapper.OrderMapper,org.mybatis.jpetstore.domain.Order
org.mybatis.jpetstore.mapper.OrderMapper.getOrdersByUsername,org.mybatis.jpetstore.domain.Order.setShipCity,void,java.lang.String,org.mybatis.jpetstore.mapper.OrderMapper,org.mybatis.jpetstore.domain.Order
org.mybatis.jpetstore.mapper.OrderMapper.getOrdersByUsername,org.mybatis.jpetstore.domain.Order.setShipCountry,void,java.lang.String,org.mybatis.jpetstore.mapper.OrderMapper,org.mybatis.jpetstore.domain.Order
org.mybatis.jpetstore.mapper.OrderMapper.getOrdersByUsername,org.mybatis.jpetstore.domain.Order.setShipState,void,java.lang.String,org.mybatis.jpetstore.mapper.OrderMapper,org.mybatis.jpetstore.domain.Order
org.mybatis.jpetstore.mapper.OrderMapper.getOrdersByUsername,org.mybatis.jpetstore.domain.Order.setShipToFirstName,void,java.lang.String,org.mybatis.jpetstore.mapper.OrderMapper,org.mybatis.jpetstore.domain.Order
org.mybatis.jpetstore.mapper.OrderMapper.getOrdersByUsername,org.mybatis.jpetstore.domain.Order.setShipToLastName,void,java.lang.String,org.mybatis.jpetstore.mapper.OrderMapper,org.mybatis.jpetstore.domain.Order
org.mybatis.jpetstore.mapper.OrderMapper.getOrdersByUsername,org.mybatis.jpetstore.domain.Order.setShipZip,void,java.lang.String,org.mybatis.jpetstore.mapper.OrderMapper,org.mybatis.jpetstore.domain.Order
org.mybatis.jpetstore.mapper.OrderMapper.getOrdersByUsername,org.mybatis.jpetstore.domain.Order.setCardType,void,java.lang.String,org.mybatis.jpetstore.mapper.OrderMapper,org.mybatis.jpetstore.domain.Order
org.mybatis.jpetstore.mapper.OrderMapper.getOrdersByUsername,org.mybatis.jpetstore.domain.Order.setCourier,void,java.lang.String,org.mybatis.jpetstore.mapper.OrderMapper,org.mybatis.jpetstore.domain.Order
org.mybatis.jpetstore.mapper.OrderMapper.getOrdersByUsername,org.mybatis.jpetstore.domain.Order.setCreditCard,void,java.lang.String,org.mybatis.jpetstore.mapper.OrderMapper,org.mybatis.jpetstore.domain.Order
org.mybatis.jpetstore.mapper.OrderMapper.getOrdersByUsername,org.mybatis.jpetstore.domain.Order.setExpiryDate,void,java.lang.String,org.mybatis.jpetstore.mapper.OrderMapper,org.mybatis.jpetstore.domain.Order
org.mybatis.jpetstore.mapper.OrderMapper.getOrdersByUsername,org.mybatis.jpetstore.domain.Order.setLocale,void,java.lang.String,org.mybatis.jpetstore.mapper.OrderMapper,org.mybatis.jpetstore.domain.Order
org.mybatis.jpetstore.mapper.OrderMapper.getOrdersByUsername,org.mybatis.jpetstore.domain.Order.setOrderDate,void,java.util.Date,org.mybatis.jpetstore.mapper.OrderMapper,org.mybatis.jpetstore.domain.Order
org.mybatis.jpetstore.mapper.OrderMapper.getOrdersByUsername,org.mybatis.jpetstore.domain.Order.setOrderId,void,int,org.mybatis.jpetstore.mapper.OrderMapper,org.mybatis.jpetstore.domain.Order
org.mybatis.jpetstore.mapper.OrderMapper.getOrdersByUsername,org.mybatis.jpetstore.domain.Order.setTotalPrice,void,java.math.BigDecimal,org.mybatis.jpetstore.mapper.OrderMapper,org.mybatis.jpetstore.domain.Order
org.mybatis.jpetstore.mapper.OrderMapper.getOrdersByUsername,org.mybatis.jpetstore.domain.Order.setUsername,void,java.lang.String,org.mybatis.jpetstore.mapper.OrderMapper,org.mybatis.jpetstore.domain.Order
org.mybatis.jpetstore.mapper.OrderMapper.getOrdersByUsername,org.mybatis.jpetstore.domain.Order.setStatus,void,java.lang.String,org.mybatis.jpetstore.mapper.OrderMapper,org.mybatis.jpetstore.domain.Order
org.mybatis.jpetstore.web.actions.CartActionBean.addItemToCart,org.mybatis.jpetstore.domain.Cart.containsItemId,boolean,java.lang.String,org.mybatis.jpetstore.web.actions.CartActionBean,org.mybatis.jpetstore.domain.Cart
org.mybatis.jpetstore.web.actions.CartActionBean.addItemToCart,org.mybatis.jpetstore.domain.Cart.incrementQuantityByItemId,void,java.lang.String,org.mybatis.jpetstore.web.actions.CartActionBean,org.mybatis.jpetstore.domain.Cart
org.mybatis.jpetstore.domain.Cart.incrementQuantityByItemId,org.mybatis.jpetstore.domain.CartItem.incrementQuantity,void,,org.mybatis.jpetstore.domain.Cart,org.mybatis.jpetstore.domain.CartItem
org.mybatis.jpetstore.domain.CartItem.incrementQuantity,org.mybatis.jpetstore.domain.CartItem.calculateTotal,void,,org.mybatis.jpetstore.domain.CartItem,org.mybatis.jpetstore.domain.CartItem
org.mybatis.jpetstore.domain.CartItem.calculateTotal,org.mybatis.jpetstore.domain.Item.getListPrice,java.math.BigDecimal,,org.mybatis.jpetstore.domain.CartItem,org.mybatis.jpetstore.domain.Item
org.mybatis.jpetstore.web.actions.CartActionBean.removeItemFromCart,org.mybatis.jpetstore.domain.Cart.removeItemById,org.mybatis.jpetstore.domain.Item,java.lang.String,org.mybatis.jpetstore.web.actions.CartActionBean,org.mybatis.jpetstore.domain.Cart
org.mybatis.jpetstore.domain.Cart.removeItemById,org.mybatis.jpetstore.domain.CartItem.getItem,org.mybatis.jpetstore.domain.Item,,org.mybatis.jpetstore.domain.Cart,org.mybatis.jpetstore.domain.CartItem
org.mybatis.jpetstore.web.actions.OrderActionBean.newOrderForm,org.mybatis.jpetstore.web.actions.OrderActionBean.clear,void,,org.mybatis.jpetstore.web.actions.OrderActionBean,org.mybatis.jpetstore.web.actions.OrderActionBean
org.mybatis.jpetstore.web.actions.OrderActionBean.clear,org.mybatis.jpetstore.domain.Order.<init>,public,,org.mybatis.jpetstore.web.actions.OrderActionBean,org.mybatis.jpetstore.domain.Order
org.mybatis.jpetstore.web.actions.OrderActionBean.newOrderForm,org.mybatis.jpetstore.web.actions.AccountActionBean.isAuthenticated,boolean,,org.mybatis.jpetstore.web.actions.OrderActionBean,org.mybatis.jpetstore.web.actions.AccountActionBean
org.mybatis.jpetstore.web.actions.OrderActionBean.newOrderForm,org.mybatis.jpetstore.web.actions.AccountActionBean.getAccount,org.mybatis.jpetstore.domain.Account,,org.mybatis.jpetstore.web.actions.OrderActionBean,org.mybatis.jpetstore.web.actions.AccountActionBean
org.mybatis.jpetstore.web.actions.OrderActionBean.newOrderForm,org.mybatis.jpetstore.web.actions.CartActionBean.getCart,org.mybatis.jpetstore.domain.Cart,,org.mybatis.jpetstore.web.actions.OrderActionBean,org.mybatis.jpetstore.web.actions.CartActionBean
org.mybatis.jpetstore.web.actions.OrderActionBean.newOrderForm,org.mybatis.jpetstore.domain.Order.initOrder,void,"org.mybatis.jpetstore.domain.Account,org.mybatis.jpetstore.domain.Cart",org.mybatis.jpetstore.web.actions.OrderActionBean,org.mybatis.jpetstore.domain.Order
org.mybatis.jpetstore.domain.Order.initOrder,org.mybatis.jpetstore.domain.Account.getUsername,java.lang.String,,org.mybatis.jpetstore.domain.Order,org.mybatis.jpetstore.domain.Account
org.mybatis.jpetstore.domain.Order.initOrder,org.mybatis.jpetstore.domain.Account.getFirstName,java.lang.String,,org.mybatis.jpetstore.domain.Order,org.mybatis.jpetstore.domain.Account
org.mybatis.jpetstore.domain.Order.initOrder,org.mybatis.jpetstore.domain.Account.getLastName,java.lang.String,,org.mybatis.jpetstore.domain.Order,org.mybatis.jpetstore.domain.Account
org.mybatis.jpetstore.domain.Order.initOrder,org.mybatis.jpetstore.domain.Account.getAddress1,java.lang.String,,org.mybatis.jpetstore.domain.Order,org.mybatis.jpetstore.domain.Account
org.mybatis.jpetstore.domain.Order.initOrder,org.mybatis.jpetstore.domain.Account.getAddress2,java.lang.String,,org.mybatis.jpetstore.domain.Order,org.mybatis.jpetstore.domain.Account
org.mybatis.jpetstore.domain.Order.initOrder,org.mybatis.jpetstore.domain.Account.getCity,java.lang.String,,org.mybatis.jpetstore.domain.Order,org.mybatis.jpetstore.domain.Account
org.mybatis.jpetstore.domain.Order.initOrder,org.mybatis.jpetstore.domain.Account.getState,java.lang.String,,org.mybatis.jpetstore.domain.Order,org.mybatis.jpetstore.domain.Account
org.mybatis.jpetstore.domain.Order.initOrder,org.mybatis.jpetstore.domain.Account.getZip,java.lang.String,,org.mybatis.jpetstore.domain.Order,org.mybatis.jpetstore.domain.Account
org.mybatis.jpetstore.domain.Order.initOrder,org.mybatis.jpetstore.domain.Account.getCountry,java.lang.String,,org.mybatis.jpetstore.domain.Order,org.mybatis.jpetstore.domain.Account
org.mybatis.jpetstore.domain.Order.initOrder,org.mybatis.jpetstore.domain.Cart.getSubTotal,java.math.BigDecimal,,org.mybatis.jpetstore.domain.Order,org.mybatis.jpetstore.domain.Cart
org.mybatis.jpetstore.domain.Cart.getSubTotal,org.mybatis.jpetstore.domain.Cart.getAllCartItems,java.util.Iterator,,org.mybatis.jpetstore.domain.Cart,org.mybatis.jpetstore.domain.Cart
org.mybatis.jpetstore.domain.Cart.getSubTotal,org.mybatis.jpetstore.domain.CartItem.getItem,org.mybatis.jpetstore.domain.Item,,org.mybatis.jpetstore.domain.Cart,org.mybatis.jpetstore.domain.CartItem
org.mybatis.jpetstore.domain.Cart.getSubTotal,org.mybatis.jpetstore.domain.Item.getListPrice,java.math.BigDecimal,,org.mybatis.jpetstore.domain.Cart,org.mybatis.jpetstore.domain.Item
org.mybatis.jpetstore.domain.Cart.getSubTotal,org.mybatis.jpetstore.domain.CartItem.getQuantity,int,,org.mybatis.jpetstore.domain.Cart,org.mybatis.jpetstore.domain.CartItem
org.mybatis.jpetstore.domain.Order.initOrder,org.mybatis.jpetstore.domain.Cart.getAllCartItems,java.util.Iterator,,org.mybatis.jpetstore.domain.Order,org.mybatis.jpetstore.domain.Cart
org.mybatis.jpetstore.domain.Order.initOrder,org.mybatis.jpetstore.domain.Order.addLineItem,void,org.mybatis.jpetstore.domain.CartItem,org.mybatis.jpetstore.domain.Order,org.mybatis.jpetstore.domain.Order
org.mybatis.jpetstore.domain.Order.addLineItem,org.mybatis.jpetstore.domain.LineItem.<init>,public,"int,org.mybatis.jpetstore.domain.CartItem",org.mybatis.jpetstore.domain.Order,org.mybatis.jpetstore.domain.LineItem
org.mybatis.jpetstore.domain.LineItem.<init>,org.mybatis.jpetstore.domain.CartItem.getQuantity,int,,org.mybatis.jpetstore.domain.LineItem,org.mybatis.jpetstore.domain.CartItem
org.mybatis.jpetstore.domain.LineItem.<init>,org.mybatis.jpetstore.domain.CartItem.getItem,org.mybatis.jpetstore.domain.Item,,org.mybatis.jpetstore.domain.LineItem,org.mybatis.jpetstore.domain.CartItem
org.mybatis.jpetstore.domain.LineItem.<init>,org.mybatis.jpetstore.domain.Item.getItemId,java.lang.String,,org.mybatis.jpetstore.domain.LineItem,org.mybatis.jpetstore.domain.Item
org.mybatis.jpetstore.domain.LineItem.<init>,org.mybatis.jpetstore.domain.Item.getListPrice,java.math.BigDecimal,,org.mybatis.jpetstore.domain.LineItem,org.mybatis.jpetstore.domain.Item
org.mybatis.jpetstore.domain.Order.addLineItem,org.mybatis.jpetstore.domain.Order.addLineItem,void,org.mybatis.jpetstore.domain.LineItem,org.mybatis.jpetstore.domain.Order,org.mybatis.jpetstore.domain.Order
org.mybatis.jpetstore.web.actions.AccountActionBean.editAccount,org.mybatis.jpetstore.service.AccountService.updateAccount,void,org.mybatis.jpetstore.domain.Account,org.mybatis.jpetstore.web.actions.AccountActionBean,org.mybatis.jpetstore.service.AccountService
org.mybatis.jpetstore.service.AccountService.updateAccount,org.mybatis.jpetstore.mapper.AccountMapper.updateAccount,void,org.mybatis.jpetstore.domain.Account,org.mybatis.jpetstore.service.AccountService,org.mybatis.jpetstore.mapper.AccountMapper
org.mybatis.jpetstore.mapper.AccountMapper.updateAccount,org.mybatis.jpetstore.domain.Account.getEmail,java.lang.String,,org.mybatis.jpetstore.mapper.AccountMapper,org.mybatis.jpetstore.domain.Account
org.mybatis.jpetstore.mapper.AccountMapper.updateAccount,org.mybatis.jpetstore.domain.Account.getFirstName,java.lang.String,,org.mybatis.jpetstore.mapper.AccountMapper,org.mybatis.jpetstore.domain.Account
org.mybatis.jpetstore.mapper.AccountMapper.updateAccount,org.mybatis.jpetstore.domain.Account.getLastName,java.lang.String,,org.mybatis.jpetstore.mapper.AccountMapper,org.mybatis.jpetstore.domain.Account
org.mybatis.jpetstore.mapper.AccountMapper.updateAccount,org.mybatis.jpetstore.domain.Account.getStatus,java.lang.String,,org.mybatis.jpetstore.mapper.AccountMapper,org.mybatis.jpetstore.domain.Account
org.mybatis.jpetstore.mapper.AccountMapper.updateAccount,org.mybatis.jpetstore.domain.Account.getAddress1,java.lang.String,,org.mybatis.jpetstore.mapper.AccountMapper,org.mybatis.jpetstore.domain.Account
org.mybatis.jpetstore.mapper.AccountMapper.updateAccount,org.mybatis.jpetstore.domain.Account.getAddress2,java.lang.String,,org.mybatis.jpetstore.mapper.AccountMapper,org.mybatis.jpetstore.domain.Account
org.mybatis.jpetstore.mapper.AccountMapper.updateAccount,org.mybatis.jpetstore.domain.Account.getCity,java.lang.String,,org.mybatis.jpetstore.mapper.AccountMapper,org.mybatis.jpetstore.domain.Account
org.mybatis.jpetstore.mapper.AccountMapper.updateAccount,org.mybatis.jpetstore.domain.Account.getState,java.lang.String,,org.mybatis.jpetstore.mapper.AccountMapper,org.mybatis.jpetstore.domain.Account
org.mybatis.jpetstore.mapper.AccountMapper.updateAccount,org.mybatis.jpetstore.domain.Account.getZip,java.lang.String,,org.mybatis.jpetstore.mapper.AccountMapper,org.mybatis.jpetstore.domain.Account
org.mybatis.jpetstore.mapper.AccountMapper.updateAccount,org.mybatis.jpetstore.domain.Account.getCountry,java.lang.String,,org.mybatis.jpetstore.mapper.AccountMapper,org.mybatis.jpetstore.domain.Account
org.mybatis.jpetstore.mapper.AccountMapper.updateAccount,org.mybatis.jpetstore.domain.Account.getPhone,java.lang.String,,org.mybatis.jpetstore.mapper.AccountMapper,org.mybatis.jpetstore.domain.Account
org.mybatis.jpetstore.mapper.AccountMapper.updateAccount,org.mybatis.jpetstore.domain.Account.getUsername,java.lang.String,,org.mybatis.jpetstore.mapper.AccountMapper,org.mybatis.jpetstore.domain.Account
org.mybatis.jpetstore.mapper.AccountMapper.updateAccount,org.mybatis.jpetstore.domain.Account.getLanguagePreference,java.lang.String,,org.mybatis.jpetstore.mapper.AccountMapper,org.mybatis.jpetstore.domain.Account
org.mybatis.jpetstore.mapper.AccountMapper.updateAccount,org.mybatis.jpetstore.domain.Account.getFavouriteCategoryId,java.lang.String,,org.mybatis.jpetstore.mapper.AccountMapper,org.mybatis.jpetstore.domain.Account
org.mybatis.jpetstore.mapper.AccountMapper.updateAccount,org.mybatis.jpetstore.domain.Account.isListOption,boolean,,org.mybatis.jpetstore.mapper.AccountMapper,org.mybatis.jpetstore.domain.Account
org.mybatis.jpetstore.mapper.AccountMapper.updateAccount,org.mybatis.jpetstore.domain.Account.isBannerOption,boolean,,org.mybatis.jpetstore.mapper.AccountMapper,org.mybatis.jpetstore.domain.Account
org.mybatis.jpetstore.mapper.AccountMapper.updateAccount,org.mybatis.jpetstore.domain.Account.getPassword,java.lang.String,,org.mybatis.jpetstore.mapper.AccountMapper,org.mybatis.jpetstore.domain.Account
org.mybatis.jpetstore.web.actions.AccountActionBean.editAccount,org.mybatis.jpetstore.domain.Account.getUsername,java.lang.String,,org.mybatis.jpetstore.web.actions.AccountActionBean,org.mybatis.jpetstore.domain.Account
org.mybatis.jpetstore.web.actions.AccountActionBean.editAccount,org.mybatis.jpetstore.service.AccountService.getAccount,org.mybatis.jpetstore.domain.Account,java.lang.String,org.mybatis.jpetstore.web.actions.AccountActionBean,org.mybatis.jpetstore.service.AccountService
org.mybatis.jpetstore.service.AccountService.getAccount,org.mybatis.jpetstore.mapper.AccountMapper.getAccount,org.mybatis.jpetstore.domain.Account,java.lang.String,org.mybatis.jpetstore.service.AccountService,org.mybatis.jpetstore.mapper.AccountMapper
org.mybatis.jpetstore.mapper.AccountMapper.getAccount,org.mybatis.jpetstore.domain.Account.<init>,public,,org.mybatis.jpetstore.mapper.AccountMapper,org.mybatis.jpetstore.domain.Account
org.mybatis.jpetstore.mapper.AccountMapper.getAccount,org.mybatis.jpetstore.domain.Account.setUsername,void,java.lang.String,org.mybatis.jpetstore.mapper.AccountMapper,org.mybatis.jpetstore.domain.Account
org.mybatis.jpetstore.mapper.AccountMapper.getAccount,org.mybatis.jpetstore.domain.Account.setEmail,void,java.lang.String,org.mybatis.jpetstore.mapper.AccountMapper,org.mybatis.jpetstore.domain.Account
org.mybatis.jpetstore.mapper.AccountMapper.getAccount,org.mybatis.jpetstore.domain.Account.setFirstName,void,java.lang.String,org.mybatis.jpetstore.mapper.AccountMapper,org.mybatis.jpetstore.domain.Account
org.mybatis.jpetstore.mapper.AccountMapper.getAccount,org.mybatis.jpetstore.domain.Account.setLastName,void,java.lang.String,org.mybatis.jpetstore.mapper.AccountMapper,org.mybatis.jpetstore.domain.Account
org.mybatis.jpetstore.mapper.AccountMapper.getAccount,org.mybatis.jpetstore.domain.Account.setStatus,void,java.lang.String,org.mybatis.jpetstore.mapper.AccountMapper,org.mybatis.jpetstore.domain.Account
org.mybatis.jpetstore.mapper.AccountMapper.getAccount,org.mybatis.jpetstore.domain.Account.setAddress1,void,java.lang.String,org.mybatis.jpetstore.mapper.AccountMapper,org.mybatis.jpetstore.domain.Account
org.mybatis.jpetstore.mapper.AccountMapper.getAccount,org.mybatis.jpetstore.domain.Account.setAddress2,void,java.lang.String,org.mybatis.jpetstore.mapper.AccountMapper,org.mybatis.jpetstore.domain.Account
org.mybatis.jpetstore.mapper.AccountMapper.getAccount,org.mybatis.jpetstore.domain.Account.setCity,void,java.lang.String,org.mybatis.jpetstore.mapper.AccountMapper,org.mybatis.jpetstore.domain.Account
org.mybatis.jpetstore.mapper.AccountMapper.getAccount,org.mybatis.jpetstore.domain.Account.setState,void,java.lang.String,org.mybatis.jpetstore.mapper.AccountMapper,org.mybatis.jpetstore.domain.Account
org.mybatis.jpetstore.mapper.AccountMapper.getAccount,org.mybatis.jpetstore.domain.Account.setZip,void,java.lang.String,org.mybatis.jpetstore.mapper.AccountMapper,org.mybatis.jpetstore.domain.Account
org.mybatis.jpetstore.mapper.AccountMapper.getAccount,org.mybatis.jpetstore.domain.Account.setCountry,void,java.lang.String,org.mybatis.jpetstore.mapper.AccountMapper,org.mybatis.jpetstore.domain.Account
org.mybatis.jpetstore.mapper.AccountMapper.getAccount,org.mybatis.jpetstore.domain.Account.setPhone,void,java.lang.String,org.mybatis.jpetstore.mapper.AccountMapper,org.mybatis.jpetstore.domain.Account
org.mybatis.jpetstore.mapper.AccountMapper.getAccount,org.mybatis.jpetstore.domain.Account.setLanguagePreference,void,java.lang.String,org.mybatis.jpetstore.mapper.AccountMapper,org.mybatis.jpetstore.domain.Account
org.mybatis.jpetstore.mapper.AccountMapper.getAccount,org.mybatis.jpetstore.domain.Account.setFavouriteCategoryId,void,java.lang.String,org.mybatis.jpetstore.mapper.AccountMapper,org.mybatis.jpetstore.domain.Account
org.mybatis.jpetstore.mapper.AccountMapper.getAccount,org.mybatis.jpetstore.domain.Account.setListOption,void,boolean,org.mybatis.jpetstore.mapper.AccountMapper,org.mybatis.jpetstore.domain.Account
org.mybatis.jpetstore.mapper.AccountMapper.getAccount,org.mybatis.jpetstore.domain.Account.setBannerOption,void,boolean,org.mybatis.jpetstore.mapper.AccountMapper,org.mybatis.jpetstore.domain.Account
org.mybatis.jpetstore.mapper.AccountMapper.getAccount,org.mybatis.jpetstore.domain.Account.setBannerName,void,java.lang.String,org.mybatis.jpetstore.mapper.AccountMapper,org.mybatis.jpetstore.domain.Account
org.mybatis.jpetstore.web.actions.AccountActionBean.editAccount,org.mybatis.jpetstore.domain.Account.getFavouriteCategoryId,java.lang.String,,org.mybatis.jpetstore.web.actions.AccountActionBean,org.mybatis.jpetstore.domain.Account
org.mybatis.jpetstore.web.actions.AccountActionBean.editAccount,org.mybatis.jpetstore.service.CatalogService.getProductListByCategory,org.mybatis.common.util.PaginatedList,java.lang.String,org.mybatis.jpetstore.web.actions.AccountActionBean,org.mybatis.jpetstore.service.CatalogService
org.mybatis.jpetstore.web.actions.AccountActionBean.signon,org.mybatis.jpetstore.domain.Account.getUsername,java.lang.String,,org.mybatis.jpetstore.web.actions.AccountActionBean,org.mybatis.jpetstore.domain.Account
org.mybatis.jpetstore.web.actions.AccountActionBean.signon,org.mybatis.jpetstore.domain.Account.getPassword,java.lang.String,,org.mybatis.jpetstore.web.actions.AccountActionBean,org.mybatis.jpetstore.domain.Account
org.mybatis.jpetstore.web.actions.AccountActionBean.signon,org.mybatis.jpetstore.service.AccountService.getAccount,org.mybatis.jpetstore.domain.Account,"java.lang.String,java.lang.String",org.mybatis.jpetstore.web.actions.AccountActionBean,org.mybatis.jpetstore.service.AccountService
org.mybatis.jpetstore.service.AccountService.getAccount,org.mybatis.jpetstore.mapper.AccountMapper.getAccount,org.mybatis.jpetstore.domain.Account,"java.lang.String,java.lang.String",org.mybatis.jpetstore.service.AccountService,org.mybatis.jpetstore.mapper.AccountMapper
org.mybatis.jpetstore.mapper.AccountMapper.getAccount,org.mybatis.jpetstore.domain.Account.<init>,public,,org.mybatis.jpetstore.mapper.AccountMapper,org.mybatis.jpetstore.domain.Account
org.mybatis.jpetstore.mapper.AccountMapper.getAccount,org.mybatis.jpetstore.domain.Account.setUsername,void,java.lang.String,org.mybatis.jpetstore.mapper.AccountMapper,org.mybatis.jpetstore.domain.Account
org.mybatis.jpetstore.mapper.AccountMapper.getAccount,org.mybatis.jpetstore.domain.Account.setPassword,void,java.lang.String,org.mybatis.jpetstore.mapper.AccountMapper,org.mybatis.jpetstore.domain.Account
org.mybatis.jpetstore.mapper.AccountMapper.getAccount,org.mybatis.jpetstore.domain.Account.getUsername,java.lang.String,,org.mybatis.jpetstore.mapper.AccountMapper,org.mybatis.jpetstore.domain.Account
org.mybatis.jpetstore.mapper.AccountMapper.getAccount,org.mybatis.jpetstore.domain.Account.getPassword,java.lang.String,,org.mybatis.jpetstore.mapper.AccountMapper,org.mybatis.jpetstore.domain.Account
org.mybatis.jpetstore.mapper.AccountMapper.getAccount,org.mybatis.jpetstore.domain.Account.setEmail,void,java.lang.String,org.mybatis.jpetstore.mapper.AccountMapper,org.mybatis.jpetstore.domain.Account
org.mybatis.jpetstore.mapper.AccountMapper.getAccount,org.mybatis.jpetstore.domain.Account.setFirstName,void,java.lang.String,org.mybatis.jpetstore.mapper.AccountMapper,org.mybatis.jpetstore.domain.Account
org.mybatis.jpetstore.mapper.AccountMapper.getAccount,org.mybatis.jpetstore.domain.Account.setLastName,void,java.lang.String,org.mybatis.jpetstore.mapper.AccountMapper,org.mybatis.jpetstore.domain.Account
org.mybatis.jpetstore.mapper.AccountMapper.getAccount,org.mybatis.jpetstore.domain.Account.setStatus,void,java.lang.String,org.mybatis.jpetstore.mapper.AccountMapper,org.mybatis.jpetstore.domain.Account
org.mybatis.jpetstore.mapper.AccountMapper.getAccount,org.mybatis.jpetstore.domain.Account.setAddress1,void,java.lang.String,org.mybatis.jpetstore.mapper.AccountMapper,org.mybatis.jpetstore.domain.Account
org.mybatis.jpetstore.mapper.AccountMapper.getAccount,org.mybatis.jpetstore.domain.Account.setAddress2,void,java.lang.String,org.mybatis.jpetstore.mapper.AccountMapper,org.mybatis.jpetstore.domain.Account
org.mybatis.jpetstore.mapper.AccountMapper.getAccount,org.mybatis.jpetstore.domain.Account.setCity,void,java.lang.String,org.mybatis.jpetstore.mapper.AccountMapper,org.mybatis.jpetstore.domain.Account
org.mybatis.jpetstore.mapper.AccountMapper.getAccount,org.mybatis.jpetstore.domain.Account.setState,void,java.lang.String,org.mybatis.jpetstore.mapper.AccountMapper,org.mybatis.jpetstore.domain.Account
org.mybatis.jpetstore.mapper.AccountMapper.getAccount,org.mybatis.jpetstore.domain.Account.setZip,void,java.lang.String,org.mybatis.jpetstore.mapper.AccountMapper,org.mybatis.jpetstore.domain.Account
org.mybatis.jpetstore.mapper.AccountMapper.getAccount,org.mybatis.jpetstore.domain.Account.setCountry,void,java.lang.String,org.mybatis.jpetstore.mapper.AccountMapper,org.mybatis.jpetstore.domain.Account
org.mybatis.jpetstore.mapper.AccountMapper.getAccount,org.mybatis.jpetstore.domain.Account.setPhone,void,java.lang.String,org.mybatis.jpetstore.mapper.AccountMapper,org.mybatis.jpetstore.domain.Account
org.mybatis.jpetstore.mapper.AccountMapper.getAccount,org.mybatis.jpetstore.domain.Account.setLanguagePreference,void,java.lang.String,org.mybatis.jpetstore.mapper.AccountMapper,org.mybatis.jpetstore.domain.Account
org.mybatis.jpetstore.mapper.AccountMapper.getAccount,org.mybatis.jpetstore.domain.Account.setFavouriteCategoryId,void,java.lang.String,org.mybatis.jpetstore.mapper.AccountMapper,org.mybatis.jpetstore.domain.Account
org.mybatis.jpetstore.mapper.AccountMapper.getAccount,org.mybatis.jpetstore.domain.Account.setListOption,void,boolean,org.mybatis.jpetstore.mapper.AccountMapper,org.mybatis.jpetstore.domain.Account
org.mybatis.jpetstore.mapper.AccountMapper.getAccount,org.mybatis.jpetstore.domain.Account.setBannerOption,void,boolean,org.mybatis.jpetstore.mapper.AccountMapper,org.mybatis.jpetstore.domain.Account
org.mybatis.jpetstore.mapper.AccountMapper.getAccount,org.mybatis.jpetstore.domain.Account.setBannerName,void,java.lang.String,org.mybatis.jpetstore.mapper.AccountMapper,org.mybatis.jpetstore.domain.Account
org.mybatis.jpetstore.web.actions.AccountActionBean.signon,org.mybatis.jpetstore.domain.Account.setPassword,void,java.lang.String,org.mybatis.jpetstore.web.actions.AccountActionBean,org.mybatis.jpetstore.domain.Account
org.mybatis.jpetstore.web.actions.AccountActionBean.signon,org.mybatis.jpetstore.domain.Account.getFavouriteCategoryId,java.lang.String,,org.mybatis.jpetstore.web.actions.AccountActionBean,org.mybatis.jpetstore.domain.Account
org.mybatis.jpetstore.web.actions.AccountActionBean.signon,org.mybatis.jpetstore.service.CatalogService.getProductListByCategory,org.mybatis.common.util.PaginatedList,java.lang.String,org.mybatis.jpetstore.web.actions.AccountActionBean,org.mybatis.jpetstore.service.CatalogService
org.mybatis.jpetstore.web.actions.AccountActionBean.editAccountForm,org.mybatis.jpetstore.domain.Account.getUsername,java.lang.String,,org.mybatis.jpetstore.web.actions.AccountActionBean,org.mybatis.jpetstore.domain.Account
org.mybatis.jpetstore.web.actions.AccountActionBean.editAccountForm,org.mybatis.jpetstore.service.AccountService.getAccount,org.mybatis.jpetstore.domain.Account,java.lang.String,org.mybatis.jpetstore.web.actions.AccountActionBean,org.mybatis.jpetstore.service.AccountService
org.mybatis.jpetstore.web.actions.AccountActionBean.reset,org.mybatis.jpetstore.domain.Account.setBannerOption,void,boolean,org.mybatis.jpetstore.web.actions.AccountActionBean,org.mybatis.jpetstore.domain.Account
org.mybatis.jpetstore.web.actions.AccountActionBean.reset,org.mybatis.jpetstore.domain.Account.setListOption,void,boolean,org.mybatis.jpetstore.web.actions.AccountActionBean,org.mybatis.jpetstore.domain.Account
org.mybatis.jpetstore.web.actions.OrderActionBean.newOrder,org.mybatis.jpetstore.web.actions.OrderActionBean.isConfirmed,boolean,,org.mybatis.jpetstore.web.actions.OrderActionBean,org.mybatis.jpetstore.web.actions.OrderActionBean
org.mybatis.jpetstore.web.actions.CartActionBean.addItemToCart,org.mybatis.jpetstore.service.CatalogService.isItemInStock,boolean,java.lang.String,org.mybatis.jpetstore.web.actions.CartActionBean,org.mybatis.jpetstore.service.CatalogService
org.mybatis.jpetstore.service.CatalogService.isItemInStock,org.mybatis.jpetstore.mapper.ItemMapper.isItemInStock,boolean,java.lang.String,org.mybatis.jpetstore.service.CatalogService,org.mybatis.jpetstore.mapper.ItemMapper
org.mybatis.jpetstore.web.actions.CartActionBean.addItemToCart,org.mybatis.jpetstore.service.CatalogService.getItem,org.mybatis.jpetstore.domain.Item,java.lang.String,org.mybatis.jpetstore.web.actions.CartActionBean,org.mybatis.jpetstore.service.CatalogService
org.mybatis.jpetstore.service.CatalogService.getItem,org.mybatis.jpetstore.mapper.ItemMapper.getItem,org.mybatis.jpetstore.domain.Item,java.lang.String,org.mybatis.jpetstore.service.CatalogService,org.mybatis.jpetstore.mapper.ItemMapper
org.mybatis.jpetstore.mapper.ItemMapper.getItem,org.mybatis.jpetstore.domain.Item.<init>,public,,org.mybatis.jpetstore.mapper.ItemMapper,org.mybatis.jpetstore.domain.Item
org.mybatis.jpetstore.mapper.ItemMapper.getItem,org.mybatis.jpetstore.domain.Item.setItemId,void,java.lang.String,org.mybatis.jpetstore.mapper.ItemMapper,org.mybatis.jpetstore.domain.Item
org.mybatis.jpetstore.mapper.ItemMapper.getItem,org.mybatis.jpetstore.domain.Item.setListPrice,void,java.math.BigDecimal,org.mybatis.jpetstore.mapper.ItemMapper,org.mybatis.jpetstore.domain.Item
org.mybatis.jpetstore.mapper.ItemMapper.getItem,org.mybatis.jpetstore.domain.Item.setUnitCost,void,java.math.BigDecimal,org.mybatis.jpetstore.mapper.ItemMapper,org.mybatis.jpetstore.domain.Item
org.mybatis.jpetstore.mapper.ItemMapper.getItem,org.mybatis.jpetstore.domain.Item.setSupplierId,void,int,org.mybatis.jpetstore.mapper.ItemMapper,org.mybatis.jpetstore.domain.Item
org.mybatis.jpetstore.mapper.ItemMapper.getItem,org.mybatis.jpetstore.domain.Item.getProduct,org.mybatis.jpetstore.domain.Product,,org.mybatis.jpetstore.mapper.ItemMapper,org.mybatis.jpetstore.domain.Item
org.mybatis.jpetstore.mapper.ItemMapper.getItem,org.mybatis.jpetstore.domain.Product.<init>,public,,org.mybatis.jpetstore.mapper.ItemMapper,org.mybatis.jpetstore.domain.Product
org.mybatis.jpetstore.mapper.ItemMapper.getItem,org.mybatis.jpetstore.domain.Item.setProduct,void,org.mybatis.jpetstore.domain.Product,org.mybatis.jpetstore.mapper.ItemMapper,org.mybatis.jpetstore.domain.Item
org.mybatis.jpetstore.mapper.ItemMapper.getItem,org.mybatis.jpetstore.domain.Product.setProductId,void,java.lang.String,org.mybatis.jpetstore.mapper.ItemMapper,org.mybatis.jpetstore.domain.Product
org.mybatis.jpetstore.mapper.ItemMapper.getItem,org.mybatis.jpetstore.domain.Product.setName,void,java.lang.String,org.mybatis.jpetstore.mapper.ItemMapper,org.mybatis.jpetstore.domain.Product
org.mybatis.jpetstore.mapper.ItemMapper.getItem,org.mybatis.jpetstore.domain.Product.setDescription,void,java.lang.String,org.mybatis.jpetstore.mapper.ItemMapper,org.mybatis.jpetstore.domain.Product
org.mybatis.jpetstore.mapper.ItemMapper.getItem,org.mybatis.jpetstore.domain.Product.setCategoryId,void,java.lang.String,org.mybatis.jpetstore.mapper.ItemMapper,org.mybatis.jpetstore.domain.Product
org.mybatis.jpetstore.mapper.ItemMapper.getItem,org.mybatis.jpetstore.domain.Item.setStatus,void,java.lang.String,org.mybatis.jpetstore.mapper.ItemMapper,org.mybatis.jpetstore.domain.Item
org.mybatis.jpetstore.mapper.ItemMapper.getItem,org.mybatis.jpetstore.domain.Item.setAttribute1,void,java.lang.String,org.mybatis.jpetstore.mapper.ItemMapper,org.mybatis.jpetstore.domain.Item
org.mybatis.jpetstore.mapper.ItemMapper.getItem,org.mybatis.jpetstore.domain.Item.setAttribute2,void,java.lang.String,org.mybatis.jpetstore.mapper.ItemMapper,org.mybatis.jpetstore.domain.Item
org.mybatis.jpetstore.mapper.ItemMapper.getItem,org.mybatis.jpetstore.domain.Item.setAttribute3,void,java.lang.String,org.mybatis.jpetstore.mapper.ItemMapper,org.mybatis.jpetstore.domain.Item
org.mybatis.jpetstore.mapper.ItemMapper.getItem,org.mybatis.jpetstore.domain.Item.setAttribute4,void,java.lang.String,org.mybatis.jpetstore.mapper.ItemMapper,org.mybatis.jpetstore.domain.Item
org.mybatis.jpetstore.mapper.ItemMapper.getItem,org.mybatis.jpetstore.domain.Item.setAttribute5,void,java.lang.String,org.mybatis.jpetstore.mapper.ItemMapper,org.mybatis.jpetstore.domain.Item
org.mybatis.jpetstore.mapper.ItemMapper.getItem,org.mybatis.jpetstore.domain.Item.setQuantity,void,int,org.mybatis.jpetstore.mapper.ItemMapper,org.mybatis.jpetstore.domain.Item
org.mybatis.jpetstore.web.actions.CartActionBean.addItemToCart,org.mybatis.jpetstore.domain.Cart.addItem,void,"org.mybatis.jpetstore.domain.Item,boolean",org.mybatis.jpetstore.web.actions.CartActionBean,org.mybatis.jpetstore.domain.Cart
org.mybatis.jpetstore.domain.Cart.addItem,org.mybatis.jpetstore.domain.Item.getItemId,java.lang.String,,org.mybatis.jpetstore.domain.Cart,org.mybatis.jpetstore.domain.Item
org.mybatis.jpetstore.domain.Cart.addItem,org.mybatis.jpetstore.domain.CartItem.<init>,public,,org.mybatis.jpetstore.domain.Cart,org.mybatis.jpetstore.domain.CartItem
org.mybatis.jpetstore.domain.Cart.addItem,org.mybatis.jpetstore.domain.CartItem.setItem,void,org.mybatis.jpetstore.domain.Item,org.mybatis.jpetstore.domain.Cart,org.mybatis.jpetstore.domain.CartItem
org.mybatis.jpetstore.domain.CartItem.setItem,org.mybatis.jpetstore.domain.CartItem.calculateTotal,void,,org.mybatis.jpetstore.domain.CartItem,org.mybatis.jpetstore.domain.CartItem
org.mybatis.jpetstore.domain.Cart.addItem,org.mybatis.jpetstore.domain.CartItem.setQuantity,void,int,org.mybatis.jpetstore.domain.Cart,org.mybatis.jpetstore.domain.CartItem
org.mybatis.jpetstore.domain.CartItem.setQuantity,org.mybatis.jpetstore.domain.CartItem.calculateTotal,void,,org.mybatis.jpetstore.domain.CartItem,org.mybatis.jpetstore.domain.CartItem
org.mybatis.jpetstore.domain.Cart.addItem,org.mybatis.jpetstore.domain.CartItem.setInStock,void,boolean,org.mybatis.jpetstore.domain.Cart,org.mybatis.jpetstore.domain.CartItem
org.mybatis.jpetstore.domain.Cart.addItem,org.mybatis.jpetstore.domain.CartItem.incrementQuantity,void,,org.mybatis.jpetstore.domain.Cart,org.mybatis.jpetstore.domain.CartItem
org.mybatis.jpetstore.service.AccountService.<init>,org.mybatis.jpetstore.persistence.DaoConfig.getDaoManager,org.mybatis.dao.client.DaoManager,,org.mybatis.jpetstore.service.AccountService,org.mybatis.jpetstore.persistence.DaoConfig
org.mybatis.jpetstore.service.AccountService.<init>,org.mybatis.jpetstore.service.AccountService.class$,java.lang.Class,java.lang.String,org.mybatis.jpetstore.service.AccountService,org.mybatis.jpetstore.service.AccountService
org.mybatis.jpetstore.service.OrderService.<init>,org.mybatis.jpetstore.persistence.DaoConfig.getDaoManager,org.mybatis.dao.client.DaoManager,,org.mybatis.jpetstore.service.OrderService,org.mybatis.jpetstore.persistence.DaoConfig
org.mybatis.jpetstore.service.OrderService.<init>,org.mybatis.jpetstore.service.OrderService.class$,java.lang.Class,java.lang.String,org.mybatis.jpetstore.service.OrderService,org.mybatis.jpetstore.service.OrderService
org.mybatis.jpetstore.web.actions.CatalogActionBean.searchProducts,org.mybatis.jpetstore.service.CatalogService.searchProductList,org.mybatis.common.util.PaginatedList,java.lang.String,org.mybatis.jpetstore.web.actions.CatalogActionBean,org.mybatis.jpetstore.service.CatalogService
org.mybatis.jpetstore.service.CatalogService.searchProductList,org.mybatis.jpetstore.mapper.ProductMapper.searchProductList,org.mybatis.common.util.PaginatedList,java.lang.String,org.mybatis.jpetstore.service.CatalogService,org.mybatis.jpetstore.mapper.ProductMapper
org.mybatis.jpetstore.mapper.ProductMapper.searchProductList,org.mybatis.jpetstore.mapper.ProductMapper$ProductSearch.<init>,public,java.lang.String,org.mybatis.jpetstore.mapper.ProductMapper,org.mybatis.jpetstore.mapper.ProductMapper
org.mybatis.jpetstore.mapper.ProductMapper.searchProductList,org.mybatis.jpetstore.mapper.ProductMapper$ProductSearch.getKeywordList,java.util.List,,org.mybatis.jpetstore.mapper.ProductMapper,org.mybatis.jpetstore.mapper.ProductMapper
org.mybatis.jpetstore.mapper.ProductMapper.searchProductList,org.mybatis.jpetstore.domain.Product.<init>,public,,org.mybatis.jpetstore.mapper.ProductMapper,org.mybatis.jpetstore.domain.Product
org.mybatis.jpetstore.mapper.ProductMapper.searchProductList,org.mybatis.jpetstore.domain.Product.setProductId,void,java.lang.String,org.mybatis.jpetstore.mapper.ProductMapper,org.mybatis.jpetstore.domain.Product
org.mybatis.jpetstore.mapper.ProductMapper.searchProductList,org.mybatis.jpetstore.domain.Product.setName,void,java.lang.String,org.mybatis.jpetstore.mapper.ProductMapper,org.mybatis.jpetstore.domain.Product
org.mybatis.jpetstore.mapper.ProductMapper.searchProductList,org.mybatis.jpetstore.domain.Product.setDescription,void,java.lang.String,org.mybatis.jpetstore.mapper.ProductMapper,org.mybatis.jpetstore.domain.Product
org.mybatis.jpetstore.mapper.ProductMapper.searchProductList,org.mybatis.jpetstore.domain.Product.setCategoryId,void,java.lang.String,org.mybatis.jpetstore.mapper.ProductMapper,org.mybatis.jpetstore.domain.Product
org.mybatis.jpetstore.web.actions.CatalogActionBean.searchProducts,org.mybatis.jpetstore.web.actions.AbstractActionBean.setMessage,void,java.lang.String,org.mybatis.jpetstore.web.actions.CatalogActionBean,org.mybatis.jpetstore.web.actions.AbstractActionBean
org.mybatis.jpetstore.web.actions.CatalogActionBean.viewItem,org.mybatis.jpetstore.service.CatalogService.getItem,org.mybatis.jpetstore.domain.Item,java.lang.String,org.mybatis.jpetstore.web.actions.CatalogActionBean,org.mybatis.jpetstore.service.CatalogService
org.mybatis.jpetstore.web.actions.CatalogActionBean.viewItem,org.mybatis.jpetstore.domain.Item.getProduct,org.mybatis.jpetstore.domain.Product,,org.mybatis.jpetstore.web.actions.CatalogActionBean,org.mybatis.jpetstore.domain.Item
org.mybatis.jpetstore.web.actions.CartActionBean.<init>,org.mybatis.jpetstore.domain.Cart.<init>,public,,org.mybatis.jpetstore.web.actions.CartActionBean,org.mybatis.jpetstore.domain.Cart
org.mybatis.jpetstore.web.actions.AccountActionBean.setUsername,org.mybatis.jpetstore.domain.Account.setUsername,void,java.lang.String,org.mybatis.jpetstore.web.actions.AccountActionBean,org.mybatis.jpetstore.domain.Account
org.mybatis.jpetstore.web.actions.OrderActionBean.newOrder,org.mybatis.jpetstore.web.actions.OrderActionBean.getOrder,org.mybatis.jpetstore.domain.Order,,org.mybatis.jpetstore.web.actions.OrderActionBean,org.mybatis.jpetstore.web.actions.OrderActionBean
org.mybatis.jpetstore.web.actions.OrderActionBean.newOrder,org.mybatis.jpetstore.service.OrderService.insertOrder,void,org.mybatis.jpetstore.domain.Order,org.mybatis.jpetstore.web.actions.OrderActionBean,org.mybatis.jpetstore.service.OrderService
org.mybatis.jpetstore.service.OrderService.insertOrder,org.mybatis.jpetstore.service.OrderService.getNextId,int,java.lang.String,org.mybatis.jpetstore.service.OrderService,org.mybatis.jpetstore.service.OrderService
org.mybatis.jpetstore.service.OrderService.getNextId,org.mybatis.jpetstore.mapper.SequenceMapper.getNextId,int,java.lang.String,org.mybatis.jpetstore.service.OrderService,org.mybatis.jpetstore.mapper.SequenceMapper
org.mybatis.jpetstore.mapper.SequenceMapper.getNextId,org.mybatis.jpetstore.domain.Sequence.<init>,public,"java.lang.String,int",org.mybatis.jpetstore.mapper.SequenceMapper,org.mybatis.jpetstore.domain.Sequence
org.mybatis.jpetstore.mapper.SequenceMapper.getNextId,org.mybatis.jpetstore.domain.Sequence.getName,java.lang.String,,org.mybatis.jpetstore.mapper.SequenceMapper,org.mybatis.jpetstore.domain.Sequence
org.mybatis.jpetstore.mapper.SequenceMapper.getNextId,org.mybatis.jpetstore.domain.Sequence.<init>,public,,org.mybatis.jpetstore.mapper.SequenceMapper,org.mybatis.jpetstore.domain.Sequence
org.mybatis.jpetstore.mapper.SequenceMapper.getNextId,org.mybatis.jpetstore.domain.Sequence.setName,void,java.lang.String,org.mybatis.jpetstore.mapper.SequenceMapper,org.mybatis.jpetstore.domain.Sequence
org.mybatis.jpetstore.mapper.SequenceMapper.getNextId,org.mybatis.jpetstore.domain.Sequence.setNextId,void,int,org.mybatis.jpetstore.mapper.SequenceMapper,org.mybatis.jpetstore.domain.Sequence
org.mybatis.jpetstore.mapper.SequenceMapper.getNextId,org.mybatis.jpetstore.domain.Sequence.getNextId,int,,org.mybatis.jpetstore.mapper.SequenceMapper,org.mybatis.jpetstore.domain.Sequence
org.mybatis.jpetstore.service.OrderService.insertOrder,org.mybatis.jpetstore.domain.Order.setOrderId,void,int,org.mybatis.jpetstore.service.OrderService,org.mybatis.jpetstore.domain.Order
org.mybatis.jpetstore.service.OrderService.insertOrder,org.mybatis.jpetstore.mapper.ItemMapper.updateAllQuantitiesFromOrder,void,org.mybatis.jpetstore.domain.Order,org.mybatis.jpetstore.service.OrderService,org.mybatis.jpetstore.mapper.ItemMapper
org.mybatis.jpetstore.mapper.ItemMapper.updateAllQuantitiesFromOrder,org.mybatis.jpetstore.domain.Order.getLineItems,java.util.List,,org.mybatis.jpetstore.mapper.ItemMapper,org.mybatis.jpetstore.domain.Order
org.mybatis.jpetstore.mapper.ItemMapper.updateAllQuantitiesFromOrder,org.mybatis.jpetstore.domain.LineItem.getItemId,java.lang.String,,org.mybatis.jpetstore.mapper.ItemMapper,org.mybatis.jpetstore.domain.LineItem
org.mybatis.jpetstore.mapper.ItemMapper.updateAllQuantitiesFromOrder,org.mybatis.jpetstore.domain.LineItem.getQuantity,int,,org.mybatis.jpetstore.mapper.ItemMapper,org.mybatis.jpetstore.domain.LineItem
org.mybatis.jpetstore.service.OrderService.insertOrder,org.mybatis.jpetstore.mapper.OrderMapper.insertOrder,void,org.mybatis.jpetstore.domain.Order,org.mybatis.jpetstore.service.OrderService,org.mybatis.jpetstore.mapper.OrderMapper
org.mybatis.jpetstore.mapper.OrderMapper.insertOrder,org.mybatis.jpetstore.domain.Order.getOrderId,int,,org.mybatis.jpetstore.mapper.OrderMapper,org.mybatis.jpetstore.domain.Order
org.mybatis.jpetstore.mapper.OrderMapper.insertOrder,org.mybatis.jpetstore.domain.Order.getUsername,java.lang.String,,org.mybatis.jpetstore.mapper.OrderMapper,org.mybatis.jpetstore.domain.Order
org.mybatis.jpetstore.mapper.OrderMapper.insertOrder,org.mybatis.jpetstore.domain.Order.getOrderDate,java.util.Date,,org.mybatis.jpetstore.mapper.OrderMapper,org.mybatis.jpetstore.domain.Order
org.mybatis.jpetstore.mapper.OrderMapper.insertOrder,org.mybatis.jpetstore.domain.Order.getShipAddress1,java.lang.String,,org.mybatis.jpetstore.mapper.OrderMapper,org.mybatis.jpetstore.domain.Order
org.mybatis.jpetstore.mapper.OrderMapper.insertOrder,org.mybatis.jpetstore.domain.Order.getShipAddress2,java.lang.String,,org.mybatis.jpetstore.mapper.OrderMapper,org.mybatis.jpetstore.domain.Order
org.mybatis.jpetstore.mapper.OrderMapper.insertOrder,org.mybatis.jpetstore.domain.Order.getShipCity,java.lang.String,,org.mybatis.jpetstore.mapper.OrderMapper,org.mybatis.jpetstore.domain.Order
org.mybatis.jpetstore.mapper.OrderMapper.insertOrder,org.mybatis.jpetstore.domain.Order.getShipState,java.lang.String,,org.mybatis.jpetstore.mapper.OrderMapper,org.mybatis.jpetstore.domain.Order
org.mybatis.jpetstore.mapper.OrderMapper.insertOrder,org.mybatis.jpetstore.domain.Order.getShipZip,java.lang.String,,org.mybatis.jpetstore.mapper.OrderMapper,org.mybatis.jpetstore.domain.Order
org.mybatis.jpetstore.mapper.OrderMapper.insertOrder,org.mybatis.jpetstore.domain.Order.getShipCountry,java.lang.String,,org.mybatis.jpetstore.mapper.OrderMapper,org.mybatis.jpetstore.domain.Order
org.mybatis.jpetstore.mapper.OrderMapper.insertOrder,org.mybatis.jpetstore.domain.Order.getBillAddress1,java.lang.String,,org.mybatis.jpetstore.mapper.OrderMapper,org.mybatis.jpetstore.domain.Order
org.mybatis.jpetstore.mapper.OrderMapper.insertOrder,org.mybatis.jpetstore.domain.Order.getBillAddress2,java.lang.String,,org.mybatis.jpetstore.mapper.OrderMapper,org.mybatis.jpetstore.domain.Order
org.mybatis.jpetstore.mapper.OrderMapper.insertOrder,org.mybatis.jpetstore.domain.Order.getBillCity,java.lang.String,,org.mybatis.jpetstore.mapper.OrderMapper,org.mybatis.jpetstore.domain.Order
org.mybatis.jpetstore.mapper.OrderMapper.insertOrder,org.mybatis.jpetstore.domain.Order.getBillState,java.lang.String,,org.mybatis.jpetstore.mapper.OrderMapper,org.mybatis.jpetstore.domain.Order
org.mybatis.jpetstore.mapper.OrderMapper.insertOrder,org.mybatis.jpetstore.domain.Order.getBillZip,java.lang.String,,org.mybatis.jpetstore.mapper.OrderMapper,org.mybatis.jpetstore.domain.Order
org.mybatis.jpetstore.mapper.OrderMapper.insertOrder,org.mybatis.jpetstore.domain.Order.getBillCountry,java.lang.String,,org.mybatis.jpetstore.mapper.OrderMapper,org.mybatis.jpetstore.domain.Order
org.mybatis.jpetstore.mapper.OrderMapper.insertOrder,org.mybatis.jpetstore.domain.Order.getCourier,java.lang.String,,org.mybatis.jpetstore.mapper.OrderMapper,org.mybatis.jpetstore.domain.Order
org.mybatis.jpetstore.mapper.OrderMapper.insertOrder,org.mybatis.jpetstore.domain.Order.getTotalPrice,java.math.BigDecimal,,org.mybatis.jpetstore.mapper.OrderMapper,org.mybatis.jpetstore.domain.Order
org.mybatis.jpetstore.mapper.OrderMapper.insertOrder,org.mybatis.jpetstore.domain.Order.getBillToFirstName,java.lang.String,,org.mybatis.jpetstore.mapper.OrderMapper,org.mybatis.jpetstore.domain.Order
org.mybatis.jpetstore.mapper.OrderMapper.insertOrder,org.mybatis.jpetstore.domain.Order.getBillToLastName,java.lang.String,,org.mybatis.jpetstore.mapper.OrderMapper,org.mybatis.jpetstore.domain.Order
org.mybatis.jpetstore.mapper.OrderMapper.insertOrder,org.mybatis.jpetstore.domain.Order.getShipToFirstName,java.lang.String,,org.mybatis.jpetstore.mapper.OrderMapper,org.mybatis.jpetstore.domain.Order
org.mybatis.jpetstore.mapper.OrderMapper.insertOrder,org.mybatis.jpetstore.domain.Order.getShipToLastName,java.lang.String,,org.mybatis.jpetstore.mapper.OrderMapper,org.mybatis.jpetstore.domain.Order
org.mybatis.jpetstore.mapper.OrderMapper.insertOrder,org.mybatis.jpetstore.domain.Order.getCreditCard,java.lang.String,,org.mybatis.jpetstore.mapper.OrderMapper,org.mybatis.jpetstore.domain.Order
org.mybatis.jpetstore.mapper.OrderMapper.insertOrder,org.mybatis.jpetstore.domain.Order.getExpiryDate,java.lang.String,,org.mybatis.jpetstore.mapper.OrderMapper,org.mybatis.jpetstore.domain.Order
org.mybatis.jpetstore.mapper.OrderMapper.insertOrder,org.mybatis.jpetstore.domain.Order.getCardType,java.lang.String,,org.mybatis.jpetstore.mapper.OrderMapper,org.mybatis.jpetstore.domain.Order
org.mybatis.jpetstore.mapper.OrderMapper.insertOrder,org.mybatis.jpetstore.domain.Order.getLocale,java.lang.String,,org.mybatis.jpetstore.mapper.OrderMapper,org.mybatis.jpetstore.domain.Order
org.mybatis.jpetstore.mapper.OrderMapper.insertOrder,org.mybatis.jpetstore.domain.Order.getStatus,java.lang.String,,org.mybatis.jpetstore.mapper.OrderMapper,org.mybatis.jpetstore.domain.Order
org.mybatis.jpetstore.mapper.OrderMapper.insertOrder,org.mybatis.jpetstore.domain.Order.getLineItems,java.util.List,,org.mybatis.jpetstore.mapper.OrderMapper,org.mybatis.jpetstore.domain.Order
org.mybatis.jpetstore.mapper.OrderMapper.insertOrder,org.mybatis.jpetstore.domain.LineItem.setOrderId,void,int,org.mybatis.jpetstore.mapper.OrderMapper,org.mybatis.jpetstore.domain.LineItem
org.mybatis.jpetstore.mapper.OrderMapper.insertOrder,org.mybatis.jpetstore.domain.LineItem.getOrderId,int,,org.mybatis.jpetstore.mapper.OrderMapper,org.mybatis.jpetstore.domain.LineItem
org.mybatis.jpetstore.mapper.OrderMapper.insertOrder,org.mybatis.jpetstore.domain.LineItem.getLineNumber,int,,org.mybatis.jpetstore.mapper.OrderMapper,org.mybatis.jpetstore.domain.LineItem
org.mybatis.jpetstore.mapper.OrderMapper.insertOrder,org.mybatis.jpetstore.domain.LineItem.getItemId,java.lang.String,,org.mybatis.jpetstore.mapper.OrderMapper,org.mybatis.jpetstore.domain.LineItem
org.mybatis.jpetstore.mapper.OrderMapper.insertOrder,org.mybatis.jpetstore.domain.LineItem.getQuantity,int,,org.mybatis.jpetstore.mapper.OrderMapper,org.mybatis.jpetstore.domain.LineItem
org.mybatis.jpetstore.mapper.OrderMapper.insertOrder,org.mybatis.jpetstore.domain.LineItem.getUnitPrice,java.math.BigDecimal,,org.mybatis.jpetstore.mapper.OrderMapper,org.mybatis.jpetstore.domain.LineItem
org.mybatis.jpetstore.web.actions.OrderActionBean.newOrder,org.mybatis.jpetstore.web.actions.CartActionBean.clear,void,,org.mybatis.jpetstore.web.actions.OrderActionBean,org.mybatis.jpetstore.web.actions.CartActionBean
org.mybatis.jpetstore.web.actions.CartActionBean.clear,org.mybatis.jpetstore.domain.Cart.<init>,public,,org.mybatis.jpetstore.web.actions.CartActionBean,org.mybatis.jpetstore.domain.Cart
org.mybatis.jpetstore.web.actions.OrderActionBean.newOrder,org.mybatis.jpetstore.web.actions.AbstractActionBean.setMessage,void,java.lang.String,org.mybatis.jpetstore.web.actions.OrderActionBean,org.mybatis.jpetstore.web.actions.AbstractActionBean
org.mybatis.jpetstore.web.actions.AccountActionBean.setPassword,org.mybatis.jpetstore.domain.Account.setPassword,void,java.lang.String,org.mybatis.jpetstore.web.actions.AccountActionBean,org.mybatis.jpetstore.domain.Account
org.mybatis.jpetstore.service.CatalogService.<init>,org.mybatis.jpetstore.persistence.DaoConfig.newDaoManager,org.mybatis.dao.client.DaoManager,java.util.Properties,org.mybatis.jpetstore.service.CatalogService,org.mybatis.jpetstore.persistence.DaoConfig
org.mybatis.jpetstore.persistence.DaoConfig.newDaoManager,org.mybatis.jpetstore.mapper.BaseSqlMapDao.<init>,public,org.mybatis.dao.client.DaoManager,org.mybatis.jpetstore.persistence.DaoConfig,org.mybatis.jpetstore.mapper.BaseSqlMapDao
org.mybatis.jpetstore.persistence.DaoConfig.newDaoManager,org.mybatis.jpetstore.mapper.ItemMapper.<init>,public,org.mybatis.dao.client.DaoManager,org.mybatis.jpetstore.persistence.DaoConfig,org.mybatis.jpetstore.mapper.ItemMapper
org.mybatis.jpetstore.persistence.DaoConfig.newDaoManager,org.mybatis.jpetstore.mapper.SequenceMapper.<init>,public,org.mybatis.dao.client.DaoManager,org.mybatis.jpetstore.persistence.DaoConfig,org.mybatis.jpetstore.mapper.SequenceMapper
org.mybatis.jpetstore.persistence.DaoConfig.newDaoManager,org.mybatis.jpetstore.mapper.AccountMapper.<init>,public,org.mybatis.dao.client.DaoManager,org.mybatis.jpetstore.persistence.DaoConfig,org.mybatis.jpetstore.mapper.AccountMapper
org.mybatis.jpetstore.persistence.DaoConfig.newDaoManager,org.mybatis.jpetstore.mapper.CategoryMapper.<init>,public,org.mybatis.dao.client.DaoManager,org.mybatis.jpetstore.persistence.DaoConfig,org.mybatis.jpetstore.mapper.CategoryMapper
org.mybatis.jpetstore.persistence.DaoConfig.newDaoManager,org.mybatis.jpetstore.mapper.ProductMapper.<init>,public,org.mybatis.dao.client.DaoManager,org.mybatis.jpetstore.persistence.DaoConfig,org.mybatis.jpetstore.mapper.ProductMapper
org.mybatis.jpetstore.persistence.DaoConfig.newDaoManager,org.mybatis.jpetstore.mapper.OrderMapper.<init>,public,org.mybatis.dao.client.DaoManager,org.mybatis.jpetstore.persistence.DaoConfig,org.mybatis.jpetstore.mapper.OrderMapper
org.mybatis.jpetstore.service.CatalogService.<init>,org.mybatis.jpetstore.persistence.DaoConfig.getDaoManager,org.mybatis.dao.client.DaoManager,,org.mybatis.jpetstore.service.CatalogService,org.mybatis.jpetstore.persistence.DaoConfig
org.mybatis.jpetstore.service.CatalogService.<init>,org.mybatis.jpetstore.service.CatalogService.class$,java.lang.Class,java.lang.String,org.mybatis.jpetstore.service.CatalogService,org.mybatis.jpetstore.service.CatalogService
org.mybatis.jpetstore.web.actions.AccountActionBean.getUsername,org.mybatis.jpetstore.domain.Account.getUsername,java.lang.String,,org.mybatis.jpetstore.web.actions.AccountActionBean,org.mybatis.jpetstore.domain.Account
org.mybatis.jpetstore.web.actions.AccountActionBean.getPassword,org.mybatis.jpetstore.domain.Account.getPassword,java.lang.String,,org.mybatis.jpetstore.web.actions.AccountActionBean,org.mybatis.jpetstore.domain.Account
org.mybatis.jpetstore.web.actions.OrderActionBean.viewOrder,org.mybatis.jpetstore.service.OrderService.getOrder,org.mybatis.jpetstore.domain.Order,int,org.mybatis.jpetstore.web.actions.OrderActionBean,org.mybatis.jpetstore.service.OrderService
org.mybatis.jpetstore.service.OrderService.getOrder,org.mybatis.jpetstore.mapper.OrderMapper.getOrder,org.mybatis.jpetstore.domain.Order,int,org.mybatis.jpetstore.service.OrderService,org.mybatis.jpetstore.mapper.OrderMapper
org.mybatis.jpetstore.mapper.OrderMapper.getOrder,org.mybatis.jpetstore.domain.Order.<init>,public,,org.mybatis.jpetstore.mapper.OrderMapper,org.mybatis.jpetstore.domain.Order
org.mybatis.jpetstore.mapper.OrderMapper.getOrder,org.mybatis.jpetstore.domain.Order.setBillAddress1,void,java.lang.String,org.mybatis.jpetstore.mapper.OrderMapper,org.mybatis.jpetstore.domain.Order
org.mybatis.jpetstore.mapper.OrderMapper.getOrder,org.mybatis.jpetstore.domain.Order.setBillAddress2,void,java.lang.String,org.mybatis.jpetstore.mapper.OrderMapper,org.mybatis.jpetstore.domain.Order
org.mybatis.jpetstore.mapper.OrderMapper.getOrder,org.mybatis.jpetstore.domain.Order.setBillCity,void,java.lang.String,org.mybatis.jpetstore.mapper.OrderMapper,org.mybatis.jpetstore.domain.Order
org.mybatis.jpetstore.mapper.OrderMapper.getOrder,org.mybatis.jpetstore.domain.Order.setBillCountry,void,java.lang.String,org.mybatis.jpetstore.mapper.OrderMapper,org.mybatis.jpetstore.domain.Order
org.mybatis.jpetstore.mapper.OrderMapper.getOrder,org.mybatis.jpetstore.domain.Order.setBillState,void,java.lang.String,org.mybatis.jpetstore.mapper.OrderMapper,org.mybatis.jpetstore.domain.Order
org.mybatis.jpetstore.mapper.OrderMapper.getOrder,org.mybatis.jpetstore.domain.Order.setBillToFirstName,void,java.lang.String,org.mybatis.jpetstore.mapper.OrderMapper,org.mybatis.jpetstore.domain.Order
org.mybatis.jpetstore.mapper.OrderMapper.getOrder,org.mybatis.jpetstore.domain.Order.setBillToLastName,void,java.lang.String,org.mybatis.jpetstore.mapper.OrderMapper,org.mybatis.jpetstore.domain.Order
org.mybatis.jpetstore.mapper.OrderMapper.getOrder,org.mybatis.jpetstore.domain.Order.setBillZip,void,java.lang.String,org.mybatis.jpetstore.mapper.OrderMapper,org.mybatis.jpetstore.domain.Order
org.mybatis.jpetstore.mapper.OrderMapper.getOrder,org.mybatis.jpetstore.domain.Order.setShipAddress1,void,java.lang.String,org.mybatis.jpetstore.mapper.OrderMapper,org.mybatis.jpetstore.domain.Order
org.mybatis.jpetstore.mapper.OrderMapper.getOrder,org.mybatis.jpetstore.domain.Order.setShipAddress2,void,java.lang.String,org.mybatis.jpetstore.mapper.OrderMapper,org.mybatis.jpetstore.domain.Order
org.mybatis.jpetstore.mapper.OrderMapper.getOrder,org.mybatis.jpetstore.domain.Order.setShipCity,void,java.lang.String,org.mybatis.jpetstore.mapper.OrderMapper,org.mybatis.jpetstore.domain.Order
org.mybatis.jpetstore.mapper.OrderMapper.getOrder,org.mybatis.jpetstore.domain.Order.setShipCountry,void,java.lang.String,org.mybatis.jpetstore.mapper.OrderMapper,org.mybatis.jpetstore.domain.Order
org.mybatis.jpetstore.mapper.OrderMapper.getOrder,org.mybatis.jpetstore.domain.Order.setShipState,void,java.lang.String,org.mybatis.jpetstore.mapper.OrderMapper,org.mybatis.jpetstore.domain.Order
org.mybatis.jpetstore.mapper.OrderMapper.getOrder,org.mybatis.jpetstore.domain.Order.setShipToFirstName,void,java.lang.String,org.mybatis.jpetstore.mapper.OrderMapper,org.mybatis.jpetstore.domain.Order
org.mybatis.jpetstore.mapper.OrderMapper.getOrder,org.mybatis.jpetstore.domain.Order.setShipToLastName,void,java.lang.String,org.mybatis.jpetstore.mapper.OrderMapper,org.mybatis.jpetstore.domain.Order
org.mybatis.jpetstore.mapper.OrderMapper.getOrder,org.mybatis.jpetstore.domain.Order.setShipZip,void,java.lang.String,org.mybatis.jpetstore.mapper.OrderMapper,org.mybatis.jpetstore.domain.Order
org.mybatis.jpetstore.mapper.OrderMapper.getOrder,org.mybatis.jpetstore.domain.Order.setCardType,void,java.lang.String,org.mybatis.jpetstore.mapper.OrderMapper,org.mybatis.jpetstore.domain.Order
org.mybatis.jpetstore.mapper.OrderMapper.getOrder,org.mybatis.jpetstore.domain.Order.setCourier,void,java.lang.String,org.mybatis.jpetstore.mapper.OrderMapper,org.mybatis.jpetstore.domain.Order
org.mybatis.jpetstore.mapper.OrderMapper.getOrder,org.mybatis.jpetstore.domain.Order.setCreditCard,void,java.lang.String,org.mybatis.jpetstore.mapper.OrderMapper,org.mybatis.jpetstore.domain.Order
org.mybatis.jpetstore.mapper.OrderMapper.getOrder,org.mybatis.jpetstore.domain.Order.setExpiryDate,void,java.lang.String,org.mybatis.jpetstore.mapper.OrderMapper,org.mybatis.jpetstore.domain.Order
org.mybatis.jpetstore.mapper.OrderMapper.getOrder,org.mybatis.jpetstore.domain.Order.setLocale,void,java.lang.String,org.mybatis.jpetstore.mapper.OrderMapper,org.mybatis.jpetstore.domain.Order
org.mybatis.jpetstore.mapper.OrderMapper.getOrder,org.mybatis.jpetstore.domain.Order.setOrderDate,void,java.util.Date,org.mybatis.jpetstore.mapper.OrderMapper,org.mybatis.jpetstore.domain.Order
org.mybatis.jpetstore.mapper.OrderMapper.getOrder,org.mybatis.jpetstore.domain.Order.setOrderId,void,int,org.mybatis.jpetstore.mapper.OrderMapper,org.mybatis.jpetstore.domain.Order
org.mybatis.jpetstore.mapper.OrderMapper.getOrder,org.mybatis.jpetstore.domain.Order.setTotalPrice,void,java.math.BigDecimal,org.mybatis.jpetstore.mapper.OrderMapper,org.mybatis.jpetstore.domain.Order
org.mybatis.jpetstore.mapper.OrderMapper.getOrder,org.mybatis.jpetstore.domain.Order.setUsername,void,java.lang.String,org.mybatis.jpetstore.mapper.OrderMapper,org.mybatis.jpetstore.domain.Order
org.mybatis.jpetstore.mapper.OrderMapper.getOrder,org.mybatis.jpetstore.domain.Order.setStatus,void,java.lang.String,org.mybatis.jpetstore.mapper.OrderMapper,org.mybatis.jpetstore.domain.Order
org.mybatis.jpetstore.mapper.OrderMapper.getOrder,org.mybatis.jpetstore.domain.Order.getOrderId,int,,org.mybatis.jpetstore.mapper.OrderMapper,org.mybatis.jpetstore.domain.Order
org.mybatis.jpetstore.mapper.OrderMapper.getOrder,org.mybatis.jpetstore.domain.LineItem.<init>,public,,org.mybatis.jpetstore.mapper.OrderMapper,org.mybatis.jpetstore.domain.LineItem
org.mybatis.jpetstore.mapper.OrderMapper.getOrder,org.mybatis.jpetstore.domain.LineItem.setOrderId,void,int,org.mybatis.jpetstore.mapper.OrderMapper,org.mybatis.jpetstore.domain.LineItem
org.mybatis.jpetstore.mapper.OrderMapper.getOrder,org.mybatis.jpetstore.domain.LineItem.setLineNumber,void,int,org.mybatis.jpetstore.mapper.OrderMapper,org.mybatis.jpetstore.domain.LineItem
org.mybatis.jpetstore.mapper.OrderMapper.getOrder,org.mybatis.jpetstore.domain.LineItem.setItemId,void,java.lang.String,org.mybatis.jpetstore.mapper.OrderMapper,org.mybatis.jpetstore.domain.LineItem
org.mybatis.jpetstore.mapper.OrderMapper.getOrder,org.mybatis.jpetstore.domain.LineItem.setQuantity,void,int,org.mybatis.jpetstore.mapper.OrderMapper,org.mybatis.jpetstore.domain.LineItem
org.mybatis.jpetstore.domain.LineItem.setQuantity,org.mybatis.jpetstore.domain.LineItem.calculateTotal,void,,org.mybatis.jpetstore.domain.LineItem,org.mybatis.jpetstore.domain.LineItem
org.mybatis.jpetstore.mapper.OrderMapper.getOrder,org.mybatis.jpetstore.domain.LineItem.setUnitPrice,void,java.math.BigDecimal,org.mybatis.jpetstore.mapper.OrderMapper,org.mybatis.jpetstore.domain.LineItem
org.mybatis.jpetstore.mapper.OrderMapper.getOrder,org.mybatis.jpetstore.domain.Order.setLineItems,void,java.util.List,org.mybatis.jpetstore.mapper.OrderMapper,org.mybatis.jpetstore.domain.Order
org.mybatis.jpetstore.service.OrderService.getOrder,org.mybatis.jpetstore.domain.Order.getLineItems,java.util.List,,org.mybatis.jpetstore.service.OrderService,org.mybatis.jpetstore.domain.Order
org.mybatis.jpetstore.service.OrderService.getOrder,org.mybatis.jpetstore.domain.LineItem.getItemId,java.lang.String,,org.mybatis.jpetstore.service.OrderService,org.mybatis.jpetstore.domain.LineItem
org.mybatis.jpetstore.service.OrderService.getOrder,org.mybatis.jpetstore.mapper.ItemMapper.getItem,org.mybatis.jpetstore.domain.Item,java.lang.String,org.mybatis.jpetstore.service.OrderService,org.mybatis.jpetstore.mapper.ItemMapper
org.mybatis.jpetstore.service.OrderService.getOrder,org.mybatis.jpetstore.domain.LineItem.setItem,void,org.mybatis.jpetstore.domain.Item,org.mybatis.jpetstore.service.OrderService,org.mybatis.jpetstore.domain.LineItem
org.mybatis.jpetstore.domain.LineItem.setItem,org.mybatis.jpetstore.domain.LineItem.calculateTotal,void,,org.mybatis.jpetstore.domain.LineItem,org.mybatis.jpetstore.domain.LineItem
org.mybatis.jpetstore.domain.LineItem.calculateTotal,org.mybatis.jpetstore.domain.Item.getListPrice,java.math.BigDecimal,,org.mybatis.jpetstore.domain.LineItem,org.mybatis.jpetstore.domain.Item
org.mybatis.jpetstore.web.actions.OrderActionBean.viewOrder,org.mybatis.jpetstore.web.actions.AccountActionBean.getAccount,org.mybatis.jpetstore.domain.Account,,org.mybatis.jpetstore.web.actions.OrderActionBean,org.mybatis.jpetstore.web.actions.AccountActionBean
org.mybatis.jpetstore.web.actions.OrderActionBean.viewOrder,org.mybatis.jpetstore.domain.Account.getUsername,java.lang.String,,org.mybatis.jpetstore.web.actions.OrderActionBean,org.mybatis.jpetstore.domain.Account
org.mybatis.jpetstore.web.actions.OrderActionBean.viewOrder,org.mybatis.jpetstore.domain.Order.getUsername,java.lang.String,,org.mybatis.jpetstore.web.actions.OrderActionBean,org.mybatis.jpetstore.domain.Order
org.mybatis.jpetstore.web.actions.OrderActionBean.<init>,org.mybatis.jpetstore.domain.Order.<init>,public,,org.mybatis.jpetstore.web.actions.OrderActionBean,org.mybatis.jpetstore.domain.Order
org.mybatis.jpetstore.web.actions.OrderActionBean.newOrderForm,org.mybatis.jpetstore.web.actions.AbstractActionBean.setMessage,void,java.lang.String,org.mybatis.jpetstore.web.actions.OrderActionBean,org.mybatis.jpetstore.web.actions.AbstractActionBean
org.mybatis.jpetstore.web.actions.AccountActionBean.<init>,org.mybatis.jpetstore.domain.Account.<init>,public,,org.mybatis.jpetstore.web.actions.AccountActionBean,org.mybatis.jpetstore.domain.Account
org.mybatis.jpetstore.web.actions.CartActionBean.updateCartQuantities,org.mybatis.jpetstore.web.actions.CartActionBean.getCart,org.mybatis.jpetstore.domain.Cart,,org.mybatis.jpetstore.web.actions.CartActionBean,org.mybatis.jpetstore.web.actions.CartActionBean
org.mybatis.jpetstore.web.actions.CartActionBean.updateCartQuantities,org.mybatis.jpetstore.domain.Cart.getAllCartItems,java.util.Iterator,,org.mybatis.jpetstore.web.actions.CartActionBean,org.mybatis.jpetstore.domain.Cart
org.mybatis.jpetstore.web.actions.CartActionBean.updateCartQuantities,org.mybatis.jpetstore.domain.CartItem.getItem,org.mybatis.jpetstore.domain.Item,,org.mybatis.jpetstore.web.actions.CartActionBean,org.mybatis.jpetstore.domain.CartItem
org.mybatis.jpetstore.web.actions.CartActionBean.updateCartQuantities,org.mybatis.jpetstore.domain.Item.getItemId,java.lang.String,,org.mybatis.jpetstore.web.actions.CartActionBean,org.mybatis.jpetstore.domain.Item
org.mybatis.jpetstore.web.actions.CartActionBean.updateCartQuantities,org.mybatis.jpetstore.domain.Cart.setQuantityByItemId,void,"java.lang.String,int",org.mybatis.jpetstore.web.actions.CartActionBean,org.mybatis.jpetstore.domain.Cart
org.mybatis.jpetstore.domain.Cart.setQuantityByItemId,org.mybatis.jpetstore.domain.CartItem.setQuantity,void,int,org.mybatis.jpetstore.domain.Cart,org.mybatis.jpetstore.domain.CartItem
